date,steps,resting_hr,sleep_hours,active_minutes
2026-01-20,7689,66.9,6.2,46
2026-01-21,6817,71.1,6.82,42
2026-01-22,7149,66.6,6.11,28
2026-01-23,9534,67.4,5.95,65
2026-01-24,8626,68.0,7.89,47
2026-01-25,11178,66.3,8.45,50
2026-01-26,7272,68.0,7.23,41
2026-01-27,8212,68.1,5.81,30
2026-01-28,7580,67.5,7.12,30
2026-01-29,6777,66.0,7.52,36
2026-01-30,8185,68.3,6.47,55
2026-01-31,9013,66.3,8.94,48
2026-02-01,10600,67.8,8.12,59
2026-02-02,8870,67.8,6.9,45
2026-02-03,7583,68.3,6.81,46
2026-02-04,9119,69.0,6.47,55
2026-02-05,8430,67.4,6.12,35
2026-02-06,8993,68.6,5.98,45
2026-02-07,9204,66.1,7.69,39
2026-02-08,10769,67.7,7.21,71
2026-02-09,8271,69.7,5.98,39
2026-02-10,7138,67.4,5.6,44
2026-02-11,8975,68.2,6.39,56
2026-02-12,7492,67.2,6.97,38
2026-02-13,7321,66.9,8.38,53
2026-02-14,0,,6.84,0
2026-02-15,0,,6.32,0
2026-02-16,6645,65.5,6.44,35
2026-02-17,9518,66.2,6.67,40
2026-02-18,6872,68.7,6.51,31
2026-02-19,7792,66.5,7.97,45
2026-02-20,7122,68.3,6.1,31
2026-02-21,10450,65.5,8.01,42
2026-02-22,9170,66.0,7.26,56
2026-02-23,4259,69.9,5.22,36
2026-02-24,7466,67.8,6.82,44
2026-02-25,7386,65.5,8.0,43
2026-02-26,9098,65.6,6.24,41
2026-02-27,41200,66.3,7.09,30
2026-02-28,11425,67.3,8.12,68
2026-03-01,11670,68.5,7.06,50
2026-03-02,5827,68.4,6.38,46
2026-03-03,7315,64.6,5.43,37
2026-03-04,5321,70.2,6.59,23
2026-03-05,6014,68.8,7.62,36
2026-03-06,7467,65.4,7.23,51
2026-03-07,8614,68.4,6.72,42
2026-03-08,11249,64.6,7.97,42
2026-03-09,7222,68.5,7.51,35
2026-03-10,6923,66.2,7.43,47
2026-03-11,5279,68.2,6.83,25
2026-03-12,7543,67.1,5.15,40
2026-03-13,7563,66.0,5.67,38
2026-03-14,9949,65.2,7.37,57
2026-03-15,8335,65.1,8.68,49
2026-03-16,3242,71.8,8.39,48
2026-03-17,2065,74.4,6.32,36
2026-03-18,2030,72.8,6.75,39
2026-03-19,2237,70.8,6.57,29
2026-03-20,2083,73.2,9.58,28
2026-03-21,3830,74.8,7.8100000000000005,69
2026-03-22,4188,76.2,8.1,64
2026-03-23,2745,73.8,6.67,43
2026-03-24,2640,74.5,8.05,50
2026-03-25,2645,73.4,6.9,56
2026-03-26,2969,72.3,7.260000000000001,52
2026-03-27,2317,72.3,6.62,46
2026-03-28,3337,72.4,8.74,60
2026-03-29,3572,73.5,9.290000000000001,49
2026-03-30,3270,71.3,6.7700000000000005,53
2026-03-31,2486,73.0,6.800000000000001,36
2026-04-01,8550,67.8,7.05,46
2026-04-02,8834,65.8,6.62,43
2026-04-03,9001,66.3,6.47,33
2026-04-04,11037,67.0,8.76,44
2026-04-05,0,,7.56,0
2026-04-06,0,,6.27,0
2026-04-07,0,,7.56,0
2026-04-08,6351,64.0,7.41,48
2026-04-09,6148,66.0,6.23,39
2026-04-10,5234,63.2,6.31,27
2026-04-11,11184,63.6,8.49,80
2026-04-12,12093,63.6,8.44,63
2026-04-13,6566,65.3,6.24,48
2026-04-14,8702,66.6,7.8,30
2026-04-15,7892,62.6,5.56,48
2026-04-16,9900,63.4,5.53,50
2026-04-17,11469,64.7,7.45,52
2026-04-18,9759,63.3,9.02,49
2026-04-19,9875,66.2,7.66,73
2026-04-20,11140,65.5,6.73,43
2026-04-21,8618,63.7,6.97,32
2026-04-22,7742,63.8,5.68,43
2026-04-23,7936,65.3,6.95,43
2026-04-24,6333,65.8,7.17,24
2026-04-25,7978,63.9,7.88,38
2026-04-26,9283,66.2,6.75,46
2026-04-27,6596,66.8,7.19,37
2026-04-28,5014,65.1,6.69,22
2026-04-29,8692,65.1,6.41,37
2026-04-30,7783,64.6,8.21,47
2026-05-01,6373,64.4,7.38,42
2026-05-02,11603,61.0,9.09,67
2026-05-03,11888,67.5,8.52,58
2026-05-04,5868,63.4,5.41,26
2026-05-05,6929,64.2,5.84,49
2026-05-06,7275,61.6,7.05,34
2026-05-07,8131,64.2,7.11,44
2026-05-08,8661,66.0,5.95,41
2026-05-09,38600,62.8,8.2,66
2026-05-10,11610,63.1,7.69,64
2026-05-11,7264,64.8,6.41,46
2026-05-12,9554,64.5,4.37,59
2026-05-13,9686,65.4,5.63,66
2026-05-14,10201,62.9,7.34,65
2026-05-15,8558,61.0,6.98,38
2026-05-16,8612,65.0,5.78,53
2026-05-17,12253,65.5,8.92,46
2026-05-18,7457,63.6,8.27,43
2026-05-19,8509,66.2,6.07,44
2026-05-20,6824,63.2,6.35,33
2026-05-21,9165,64.5,6.03,46
2026-05-22,7574,63.3,6.11,39
2026-05-23,0,,7.78,0
2026-05-24,0,,7.5,0
2026-05-25,7297,64.3,7.0,39
2026-05-26,5957,61.8,6.48,26
2026-05-27,8206,63.1,6.32,39
2026-05-28,7431,64.7,7.7,43
2026-05-29,5363,63.4,7.88,38
2026-05-30,12714,65.8,6.54,65
2026-05-31,14472,64.6,7.8,64
2026-06-04,7101,63.0,8.85,36
2026-06-05,7614,65.8,5.77,44
2026-06-06,13084,65.7,7.67,80
2026-06-07,11155,61.1,6.39,61
2026-06-08,10129,63.0,5.49,44
2026-06-09,9948,64.7,5.93,48
2026-06-10,7896,64.2,7.43,44
2026-06-11,0,,5.8,0
2026-06-12,5897,65.7,6.97,33
2026-06-13,10972,64.4,7.98,60
2026-06-14,12480,63.6,7.77,66
2026-06-15,7615,63.0,7.51,31
2026-06-16,7551,63.0,6.24,50
2026-06-17,7678,62.9,6.37,42
2026-06-18,6621,59.9,7.28,30
2026-06-19,7144,63.1,3.79,40
2026-06-20,9636,64.2,6.71,59
2026-06-21,11029,63.0,8.77,60
2026-06-22,6803,64.7,5.39,29
2026-06-23,5915,58.7,7.1,33
2026-06-24,8399,60.5,6.42,33
2026-06-25,9580,64.2,5.97,39
2026-06-26,7400,62.0,7.43,43
2026-06-27,9270,65.3,8.27,56
2026-06-28,0,,6.77,0
2026-06-29,8649,64.1,7.1,49
2026-06-30,8989,63.7,5.37,54
2026-07-01,6438,62.7,6.8,36
2026-07-02,8095,60.9,6.74,36
2026-07-03,9788,59.5,7.13,55
2026-07-04,0,,8.1,0
2026-07-05,0,,8.03,0
2026-07-06,8133,59.8,6.97,51
2026-07-07,10612,60.6,6.56,52
2026-07-08,8709,64.5,7.41,74
2026-07-09,9286,62.0,7.28,46
2026-07-10,8056,61.7,6.51,46
2026-07-11,13950,65.8,8.66,73
2026-07-12,12405,61.9,8.38,39
2026-07-13,10959,63.8,6.31,72
2026-07-14,7734,60.8,7.37,38
2026-07-15,7743,62.2,6.65,40
2026-07-16,7439,60.6,6.09,34
2026-07-17,6614,61.6,7.68,40
2026-07-18,10016,61.0,7.52,58
