Date,Close,High,Low,Open,Volume
2023-01-03,2.84,2.8402,2.8334,2.8358,792761
2023-01-04,2.8533,2.8655,2.8433,2.8448,110315
2023-01-05,2.8694,2.8706,2.8433,2.8516,1864629
2023-01-06,2.8362,2.8682,2.8307,2.8644,776204
2023-01-09,2.8337,2.8414,2.8176,2.8365,583285
2023-01-10,2.8557,2.8589,2.8162,2.8293,439797
2023-01-11,2.8406,2.859,2.8253,2.856,316232
2023-01-12,2.8365,2.8533,2.8297,2.8374,618426
2023-01-13,2.8428,2.8434,2.8327,2.8375,630652
2023-01-16,2.8559,2.8644,2.8434,2.8468,203242
2023-01-17,2.8697,2.8724,2.851,2.8542,773689
2023-01-18,2.8924,2.9018,2.8635,2.8646,1164847
2023-01-19,2.8843,2.8885,2.8701,2.8872,1095005
2023-01-20,2.9067,2.917,2.8812,2.8855,498312
2023-01-24,2.9039,2.917,2.9037,2.9137,308405
2023-01-25,2.9319,2.9514,2.8985,2.9119,626177
2023-01-26,2.9167,2.9341,2.9158,2.9299,1033905
2023-01-27,2.9614,2.9634,2.92,2.9205,544629
2023-01-30,2.9486,2.9678,2.9443,2.9634,528025
2023-01-31,2.9303,2.9508,2.925,2.9471,607014
2023-02-01,2.9766,2.9795,2.8991,2.9264,433899
2023-02-02,2.9965,3.0046,2.9601,2.9784,1355225
2023-02-03,3.0107,3.0156,2.9868,2.9886,377409
2023-02-06,3.0102,3.0296,3.0019,3.0194,736024
2023-02-07,3.0046,3.0249,2.9979,3.0023,277243
2023-02-08,3.0076,3.0081,2.997,3.0019,3018452
2023-02-09,3.0226,3.0259,2.9909,2.9973,763782
2023-02-10,2.9971,3.0419,2.9894,3.0348,616016
2023-02-13,3.0191,3.0304,2.9707,2.9937,1084147
2023-02-14,3.0099,3.0167,2.9894,3.0165,1363623
2023-02-15,3.0228,3.029,2.9901,3.0119,476353
2023-02-16,3.0088,3.0185,3.0086,3.015,436494
2023-02-17,3.0029,3.0257,2.988,3.0135,1564255
2023-02-20,3.0226,3.0267,2.9943,3.007,617572
2023-02-21,3.0091,3.042,3.0061,3.0318,1576554
2023-02-22,3.0071,3.0162,3.0026,3.0053,2586932
2023-02-23,3.0051,3.0204,2.9982,3.0123,541467
2023-02-24,2.9836,3.0001,2.9783,2.9999,912822
2023-02-27,3.0021,3.0098,2.9865,2.9871,382061
2023-02-28,2.9645,3.0129,2.9604,3.0057,550099
2023-03-02,2.9629,2.9734,2.9604,2.973,1130462
2023-03-03,2.9664,2.9726,2.9604,2.9641,329323
2023-03-06,2.9904,2.9904,2.9664,2.9676,477560
2023-03-07,2.9974,3.011,2.9857,3.0046,768754
2023-03-08,2.994,2.9996,2.9867,2.9979,451659
2023-03-09,2.9944,3.0081,2.9866,2.9982,885918
2023-03-10,3.0139,3.017,2.9961,3.0045,593208
2023-03-13,3.0166,3.0318,3.0048,3.018,276837
2023-03-14,3.0226,3.0272,3.0035,3.0114,499277
2023-03-15,3.0445,3.0527,3.0099,3.023,2867831
2023-03-16,3.063,3.0697,3.0372,3.044,516303
2023-03-17,3.0693,3.0779,3.0651,3.069,369857
2023-03-20,3.1004,3.108,3.0496,3.0664,614201
2023-03-21,3.0963,3.1022,3.0907,3.0989,457226
2023-03-22,3.0937,3.0982,3.084,3.0861,232522
2023-03-23,3.1266,3.1275,3.0807,3.091,832475
2023-03-24,3.1338,3.1512,3.1184,3.119,773555
2023-03-27,3.116,3.1335,3.1021,3.1326,502073
2023-03-28,3.0982,3.1094,3.0876,3.1049,423261
2023-03-29,3.1116,3.115,3.0655,3.0802,1124592
2023-03-30,3.0809,3.1341,3.0799,3.114,1292622
2023-03-31,3.0967,3.106,3.065,3.0831,395016
2023-04-03,3.0883,3.1069,3.0871,3.1024,1240012
2023-04-04,3.0735,3.101,3.0583,3.0893,1883606
2023-04-05,3.0536,3.1059,3.0502,3.0809,864675
2023-04-06,3.068,3.0702,3.0532,3.0533,941749
2023-04-10,3.1022,3.1059,3.0678,3.0685,176309
2023-04-11,3.0966,3.1238,3.0928,3.0979,286224
2023-04-12,3.0861,3.1038,3.0831,3.0961,599096
2023-04-13,3.0876,3.11,3.0838,3.0861,305558
2023-04-14,3.1215,3.1341,3.0862,3.0921,1166898
2023-04-17,3.157,3.1666,3.129,3.1318,1036772
2023-04-18,3.1115,3.1684,3.1058,3.1631,357478
2023-04-19,3.1183,3.1305,3.1101,3.1146,172186
2023-04-20,3.107,3.1351,3.0871,3.1202,700547
2023-04-21,3.1188,3.1338,3.1038,3.1093,186207
2023-04-24,3.1151,3.1271,3.1051,3.1226,2798995
2023-04-25,3.0824,3.109,3.0755,3.1083,791847
2023-04-26,3.1028,3.1097,3.0722,3.0894,1372881
2023-04-27,3.1032,3.1187,3.0977,3.1118,3062064
2023-04-28,3.1385,3.1423,3.089,3.0995,269981
2023-05-01,3.1831,3.1841,3.1274,3.1374,737321
2023-05-02,3.1715,3.1791,3.1664,3.175,2331398
2023-05-03,3.1447,3.1784,3.1395,3.1767,483583
2023-05-04,3.1691,3.1698,3.1402,3.1491,345502
2023-05-05,3.1522,3.1696,3.1474,3.164,276608
2023-05-08,3.2046,3.2177,3.1538,3.1595,1277958
2023-05-09,3.2178,3.2273,3.1944,3.2126,1042142
2023-05-10,3.2331,3.2409,3.1954,3.2131,358612
2023-05-11,3.2161,3.2386,3.2089,3.2339,675089
2023-05-12,3.2287,3.2352,3.2152,3.2172,476647
2023-05-15,3.2051,3.2362,3.2004,3.2327,850602
2023-05-16,3.176,3.1979,3.1599,3.1867,495844
2023-05-18,3.2023,3.214,3.1671,3.1756,1079236
2023-05-19,3.2285,3.239,3.2004,3.2052,1242878
2023-05-22,3.2079,3.2264,3.2044,3.2177,1591820
2023-05-23,3.1684,3.2164,3.1681,3.2036,276388
2023-05-24,3.2016,3.2017,3.1634,3.1707,409562
2023-05-25,3.2098,3.2171,3.1967,3.2074,291661
2023-05-26,3.1995,3.2087,3.191,3.1955,135838
2023-05-29,3.18,3.205,3.1672,3.2046,1752104
2023-05-30,3.1963,3.2023,3.1918,3.1933,901543
2023-05-31,3.2043,3.2325,3.1784,3.1963,563402
2023-06-01,3.2435,3.2522,3.197,3.2094,2493634
2023-06-02,3.2372,3.2443,3.2337,3.2412,563165
2023-06-05,3.2604,3.2614,3.2382,3.2463,401227
2023-06-06,3.2528,3.2707,3.2358,3.2595,765989
2023-06-07,3.216,3.2641,3.2086,3.2556,1134771
2023-06-08,3.2346,3.2387,3.2078,3.2096,1040282
2023-06-09,3.2617,3.2722,3.2498,3.252,197822
2023-06-12,3.2568,3.2569,3.2462,3.2464,277573
2023-06-13,3.2943,3.3012,3.2477,3.2575,1092528
2023-06-14,3.3135,3.3205,3.2674,3.2864,337085
2023-06-15,3.3256,3.3276,3.2977,3.3082,516542
2023-06-16,3.2952,3.327,3.2834,3.3185,337237
2023-06-19,3.3064,3.3096,3.2764,3.2799,699817
2023-06-20,3.2967,3.3026,3.2942,3.3008,641387
2023-06-21,3.3184,3.3325,3.2891,3.2919,378598
2023-06-22,3.3083,3.3429,3.2944,3.3269,845818
2023-06-26,3.3123,3.3142,3.3001,3.309,1109262
2023-06-27,3.2726,3.3068,3.2685,3.2979,372200
2023-06-28,3.2851,3.2963,3.2606,3.2665,393651
2023-06-29,3.2531,3.286,3.2503,3.285,270272
2023-06-30,3.2547,3.2808,3.2523,3.2582,430800
2023-07-03,3.2574,3.2642,3.23,3.2473,548272
2023-07-04,3.2314,3.2666,3.2234,3.2604,1251910
2023-07-05,3.2242,3.2502,3.2188,3.2427,485457
2023-07-06,3.2007,3.2362,3.198,3.2325,1363696
2023-07-07,3.2251,3.2311,3.2012,3.2099,1132436
2023-07-10,3.2244,3.231,3.2166,3.2181,966733
2023-07-11,3.2278,3.2411,3.2241,3.2334,413862
2023-07-12,3.2197,3.2231,3.2157,3.2218,699331
2023-07-13,3.231,3.2341,3.2071,3.213,328372
2023-07-14,3.2465,3.2481,3.2107,3.2208,501520
2023-07-17,3.2518,3.252,3.2414,3.2498,167744
2023-07-18,3.2525,3.2669,3.2373,3.2494,793743
2023-07-19,3.2939,3.3079,3.248,3.2523,763936
2023-07-20,3.312,3.3207,3.2978,3.3041,1201602
2023-07-21,3.3475,3.3547,3.2898,3.3148,809081
2023-07-24,3.39,3.3906,3.333,3.3331,394458
2023-07-25,3.3889,3.41,3.3823,3.3916,461291
2023-07-26,3.3532,3.4119,3.3367,3.3808,776001
2023-07-27,3.3611,3.3696,3.3478,3.3572,169693
2023-07-28,3.3737,3.3756,3.3585,3.3664,561378
2023-07-31,3.4165,3.434,3.3617,3.362,454558
2023-08-02,3.4234,3.4297,3.3951,3.4196,1002358
2023-08-03,3.4095,3.4248,3.3992,3.4224,927511
2023-08-04,3.4457,3.4545,3.4038,3.4108,750868
2023-08-07,3.4064,3.442,3.4035,3.442,225129
2023-08-08,3.3999,3.4157,3.3946,3.4026,301390
2023-08-09,3.3721,3.4067,3.372,3.4033,889682
2023-08-10,3.3476,3.3897,3.3394,3.3661,630246
2023-08-11,3.3549,3.3592,3.3488,3.3556,123571
2023-08-14,3.3736,3.3752,3.3465,3.3542,2346795
2023-08-15,3.3534,3.3748,3.348,3.3741,330590
2023-08-16,3.2975,3.3637,3.2832,3.3535,262333
2023-08-17,3.3074,3.3081,3.2919,3.2974,433091
2023-08-18,3.2851,3.3173,3.2801,3.3151,156095
2023-08-21,3.2782,3.2896,3.2625,3.284,520990
2023-08-22,3.2959,3.3038,3.2589,3.2668,773343
2023-08-23,3.27,3.304,3.2548,3.2904,206797
2023-08-24,3.2755,3.2843,3.2538,3.2711,675999
2023-08-25,3.2789,3.2889,3.2613,3.2735,474502
2023-08-28,3.2801,3.2917,3.2691,3.2768,543501
2023-08-29,3.3162,3.3211,3.2592,3.2772,221554
2023-08-30,3.3647,3.3685,3.3112,3.3238,338498
2023-08-31,3.3727,3.3799,3.3469,3.3586,197069
2023-09-01,3.3598,3.3885,3.3597,3.3726,692259
2023-09-04,3.3798,3.3803,3.3605,3.3627,567334
2023-09-05,3.3343,3.3851,3.3212,3.3807,587554
2023-09-06,3.3463,3.3493,3.3232,3.3337,1640001
2023-09-08,3.3526,3.3529,3.348,3.3513,1193092
2023-09-11,3.3734,3.3806,3.3433,3.3525,416610
2023-09-12,3.3716,3.3826,3.3506,3.3616,271695
2023-09-13,3.3592,3.3797,3.3519,3.3759,1542051
2023-09-14,3.4113,3.4199,3.3545,3.3574,202800
2023-09-15,3.4219,3.4273,3.3932,3.4062,253738
2023-09-18,3.4425,3.4436,3.4025,3.4163,2606688
2023-09-19,3.455,3.4605,3.4266,3.4392,353046
2023-09-20,3.4444,3.4557,3.4369,3.4469,580592
2023-09-21,3.451,3.4563,3.4356,3.4441,388422
2023-09-22,3.4514,3.4623,3.4466,3.4551,201721
2023-09-25,3.3665,3.4744,3.3564,3.4662,319881
2023-09-26,3.406,3.4173,3.3583,3.3678,968721
2023-09-27,3.4195,3.4213,3.3898,3.4167,914509
2023-09-28,3.4161,3.4296,3.4074,3.4255,126785
2023-09-29,3.3839,3.425,3.3805,3.4167,606556
2023-10-02,3.3884,3.3915,3.3841,3.3883,2129012
2023-10-03,3.3502,3.3811,3.3441,3.3776,216059
2023-10-04,3.3902,3.3978,3.3436,3.3478,468521
2023-10-05,3.3543,3.4062,3.3422,3.4019,865515
2023-10-06,3.3779,3.3803,3.3403,3.346,666177
2023-10-09,3.4272,3.4372,3.3851,3.389,636054
2023-10-10,3.4246,3.4342,3.4233,3.4326,698620
2023-10-11,3.4141,3.4362,3.4058,3.423,176553
2023-10-12,3.4121,3.4247,3.411,3.418,326272
2023-10-13,3.4262,3.4298,3.4042,3.4166,435261
2023-10-16,3.4105,3.4411,3.4103,3.4373,622011
2023-10-18,3.4579,3.4716,3.4172,3.4182,203493
2023-10-19,3.4247,3.4763,3.4165,3.4754,1232376
2023-10-20,3.4186,3.433,3.4109,3.4295,1822650
2023-10-23,3.471,3.4866,3.3979,3.4051,1080220
2023-10-24,3.5013,3.5108,3.4641,3.4747,509066
2023-10-25,3.5118,3.5177,3.506,3.5062,428516
2023-10-26,3.49,3.5148,3.4877,3.5129,382685
2023-10-27,3.5107,3.5135,3.4892,3.4972,368951
2023-10-30,3.5359,3.5479,3.5127,3.5151,1611072
2023-10-31,3.5518,3.5589,3.5369,3.5443,497712
2023-11-01,3.5533,3.5556,3.536,3.5364,852202
2023-11-02,3.5452,3.5568,3.5409,3.5534,356397
2023-11-03,3.5304,3.5569,3.5231,3.5509,995027
2023-11-06,3.5436,3.5554,3.5233,3.5263,916618
2023-11-07,3.554,3.5555,3.5189,3.5357,352400
2023-11-08,3.5389,3.5668,3.5362,3.554,547980
2023-11-09,3.5511,3.5659,3.5192,3.5318,1393946
2023-11-10,3.5312,3.5756,3.5228,3.5499,356711
2023-11-13,3.546,3.5578,3.5117,3.5199,519604
2023-11-14,3.5504,3.5643,3.5362,3.5427,1326572
2023-11-15,3.4915,3.5498,3.4802,3.5442,659485
2023-11-16,3.476,3.5009,3.4692,3.4896,687880
2023-11-17,3.4868,3.4887,3.4609,3.467,658652
2023-11-20,3.5051,3.509,3.4836,3.4998,664641
2023-11-21,3.5168,3.5258,3.4871,3.4978,420821
2023-11-22,3.5313,3.5322,3.5011,3.5113,1072612
2023-11-24,3.4948,3.547,3.473,3.5396,429052
2023-11-27,3.5291,3.5403,3.4768,3.4911,919342
2023-11-28,3.5183,3.5411,3.5027,3.5374,952527
2023-11-29,3.5185,3.5264,3.5182,3.5245,466645
2023-11-30,3.4933,3.5217,3.4856,3.5161,805523
2023-12-01,3.5105,3.5201,3.4922,3.4932,1019212
2023-12-04,3.4878,3.5075,3.4789,3.5023,254352
2023-12-05,3.5046,3.5196,3.4784,3.4938,2494056
2023-12-06,3.4975,3.5108,3.4938,3.5072,2296432
2023-12-07,3.5187,3.5347,3.4672,3.4912,1838218
2023-12-08,3.5084,3.5224,3.5028,3.5217,741562
2023-12-11,3.5164,3.5248,3.4848,3.5049,564111
2023-12-12,3.4851,3.5128,3.4741,3.5073,385325
2023-12-13,3.4787,3.5022,3.4674,3.4851,280190
2023-12-14,3.4441,3.4902,3.4337,3.4865,1317901
2023-12-15,3.4655,3.4809,3.4407,3.4432,774251
2023-12-18,3.4696,3.4749,3.439,3.4619,432623
2023-12-19,3.4595,3.464,3.4404,3.4629,1056255
2023-12-20,3.4601,3.4649,3.4544,3.458,117032
2023-12-21,3.5078,3.5081,3.4634,3.4666,509702
2023-12-22,3.4876,3.5107,3.4809,3.4997,536964
2023-12-25,3.495,3.5041,3.4781,3.4963,742512
2023-12-26,3.5278,3.5353,3.5,3.5021,641939
2023-12-27,3.5596,3.5598,3.5149,3.5299,935029
2023-12-28,3.5648,3.5695,3.5582,3.5582,669871
2023-12-29,3.5731,3.5844,3.556,3.557,557009
2024-01-02,3.5607,3.5767,3.5561,3.5715,515337
2024-01-03,3.5315,3.5782,3.5293,3.5631,522306
2024-01-04,3.5338,3.5452,3.5236,3.5378,412933
2024-01-05,3.5243,3.5326,3.5203,3.5266,413833
2024-01-08,3.5175,3.5501,3.5131,3.5336,1581376
2024-01-09,3.5214,3.5297,3.4988,3.5129,267190
2024-01-10,3.5175,3.5201,3.4977,3.5115,799546
2024-01-11,3.4805,3.5265,3.4731,3.5203,734753
2024-01-12,3.48,3.4871,3.4768,3.4806,1046640
2024-01-15,3.4976,3.5092,3.4614,3.4841,949430
2024-01-16,3.4669,3.5246,3.4577,3.5202,297969
2024-01-17,3.4795,3.4798,3.4691,3.4745,342548
2024-01-18,3.5063,3.5162,3.4648,3.4673,230705
2024-01-19,3.4829,3.506,3.478,3.5047,2573633
2024-01-22,3.4354,3.4988,3.426,3.4857,349049
2024-01-23,3.4039,3.4403,3.3919,3.4374,489822
2024-01-24,3.4296,3.4307,3.3893,3.4057,458483
2024-01-25,3.4412,3.4465,3.4239,3.4364,633320
2024-01-26,3.4228,3.4433,3.414,3.4364,312834
2024-01-29,3.419,3.4489,3.4059,3.4307,508827
2024-01-30,3.4006,3.4262,3.3987,3.4217,446823
2024-01-31,3.4254,3.4436,3.4144,3.4178,584409
2024-02-01,3.4042,3.441,3.3927,3.424,776245
2024-02-02,3.4105,3.4231,3.3926,3.3998,2453414
2024-02-05,3.4083,3.4174,3.3956,3.3982,443018
2024-02-06,3.4267,3.4361,3.3962,3.3965,248174
2024-02-07,3.3814,3.4343,3.3745,3.4325,197036
2024-02-09,3.3952,3.4079,3.3749,3.3788,518533
2024-02-12,3.4312,3.4361,3.3906,3.4049,246945
2024-02-13,3.4212,3.4383,3.4073,3.4331,174191
2024-02-14,3.4154,3.4265,3.4053,3.4227,1038521
2024-02-15,3.4092,3.4197,3.393,3.4189,296356
2024-02-16,3.4139,3.4191,3.3779,3.3997,299343
2024-02-19,3.4384,3.4474,3.4221,3.4243,1027882
2024-02-20,3.4311,3.4556,3.4277,3.4442,2179164
2024-02-21,3.4467,3.4583,3.4229,3.4255,641761
2024-02-22,3.4138,3.4525,3.4085,3.4493,203053
2024-02-23,3.4156,3.4413,3.4088,3.4137,2521923
2024-02-26,3.437,3.4475,3.412,3.4176,430426
2024-02-27,3.4378,3.4523,3.4253,3.443,351766
2024-02-28,3.4863,3.4888,3.4222,3.4393,1276069
2024-02-29,3.4841,3.4938,3.4725,3.482,857113
2024-03-01,3.3955,3.4942,3.3924,3.4759,358188
2024-03-04,3.3584,3.3909,3.3496,3.3819,584730
2024-03-05,3.3212,3.3787,3.3208,3.3566,734515
2024-03-06,3.3309,3.3505,3.3159,3.3172,538167
2024-03-07,3.3325,3.3489,3.3214,3.3284,933215
2024-03-08,3.354,3.3585,3.3238,3.3239,387186
2024-03-11,3.373,3.376,3.3424,3.3441,531545
2024-03-12,3.3601,3.3826,3.3533,3.3649,619108
2024-03-13,3.3323,3.3601,3.3212,3.3581,287100
2024-03-14,3.3387,3.3402,3.3243,3.3295,229402
2024-03-15,3.322,3.3465,3.3204,3.342,1372340
2024-03-19,3.3401,3.3426,3.3083,3.3182,447084
2024-03-20,3.3309,3.3368,3.3256,3.3289,1059142
2024-03-21,3.307,3.3375,3.3012,3.3301,1853763
2024-03-22,3.2994,3.3085,3.2761,3.3028,458185
2024-03-25,3.2898,3.3088,3.2889,3.3013,231497
2024-03-26,3.2687,3.2959,3.2659,3.2923,676130
2024-03-27,3.2157,3.2718,3.2026,3.265,400813
2024-03-28,3.1898,3.2233,3.1888,3.215,3712760
2024-03-29,3.2115,3.2234,3.1967,3.1996,581043
2024-04-01,3.2098,3.2255,3.2053,3.2141,554190
2024-04-02,3.1854,3.2117,3.1828,3.2093,423901
2024-04-03,3.2053,3.2115,3.1727,3.1753,684898
2024-04-04,3.224,3.2293,3.1898,3.2079,651883
2024-04-05,3.2148,3.2157,3.2014,3.2132,218362
2024-04-08,3.1841,3.2194,3.1717,3.2127,641252
2024-04-09,3.1543,3.1899,3.1517,3.1894,123358
2024-04-10,3.1354,3.1587,3.1268,3.1575,202353
2024-04-11,3.1248,3.1391,3.1022,3.1343,349902
2024-04-12,3.1632,3.1675,3.1107,3.1111,167104
2024-04-15,3.1943,3.2029,3.1597,3.1687,597300
2024-04-16,3.1819,3.2024,3.1791,3.1947,2406491
2024-04-17,3.1532,3.1832,3.1442,3.1766,3502151
2024-04-18,3.1612,3.1689,3.1416,3.147,403729
2024-04-19,3.149,3.1693,3.1457,3.1649,281439
2024-04-22,3.1249,3.1668,3.1226,3.1468,786769
2024-04-23,3.1522,3.1643,3.1207,3.1279,2504088
2024-04-25,3.1565,3.1565,3.1388,3.1441,414367
2024-04-26,3.1496,3.1566,3.1462,3.1562,304373
2024-04-29,3.1462,3.1671,3.1297,3.1466,127851
2024-04-30,3.165,3.1782,3.1319,3.1381,2276456
2024-05-01,3.1637,3.1716,3.1498,3.1643,2840166
2024-05-02,3.1611,3.1828,3.1609,3.1688,575898
2024-05-03,3.1528,3.1659,3.146,3.1532,1158534
2024-05-06,3.1581,3.1602,3.1405,3.1538,936949
2024-05-07,3.1725,3.1783,3.1558,3.162,366041
2024-05-08,3.1714,3.1832,3.156,3.1678,543950
2024-05-09,3.175,3.1837,3.1702,3.1761,703259
2024-05-10,3.2044,3.2046,3.1764,3.1825,463937
2024-05-13,3.1888,3.2092,3.1717,3.2022,1231030
2024-05-14,3.2318,3.2343,3.1766,3.1836,2989735
2024-05-15,3.2155,3.2467,3.2025,3.2339,985604
2024-05-16,3.1846,3.2194,3.1713,3.2134,2524739
2024-05-17,3.1674,3.1987,3.1671,3.1921,1253634
2024-05-20,3.1864,3.188,3.1534,3.1574,767018
2024-05-21,3.189,3.1976,3.1823,3.185,371402
2024-05-22,3.2155,3.2191,3.1556,3.1796,1162932
2024-05-23,3.229,3.2445,3.2159,3.2202,184429
2024-05-24,3.2447,3.2478,3.2092,3.2337,481126
2024-05-27,3.2525,3.2576,3.2445,3.2503,650895
2024-05-28,3.2402,3.2547,3.2271,3.2533,166283
2024-05-29,3.2319,3.2365,3.23,3.2363,381493
2024-05-30,3.2903,3.3041,3.2247,3.2309,204227
2024-06-03,3.2452,3.296,3.2406,3.2903,703868
2024-06-04,3.2442,3.2493,3.2305,3.2396,1443554
2024-06-05,3.2452,3.2565,3.2366,3.2416,281600
2024-06-06,3.2731,3.2821,3.2455,3.247,587116
2024-06-07,3.3371,3.3436,3.2645,3.2729,1285541
2024-06-10,3.3477,3.3591,3.3342,3.3403,299843
2024-06-11,3.3693,3.3812,3.3571,3.3576,869828
2024-06-12,3.3624,3.3797,3.357,3.3756,392114
2024-06-13,3.4226,3.4227,3.3647,3.3656,898585
2024-06-14,3.4088,3.4234,3.4082,3.4129,723105
2024-06-17,3.3734,3.425,3.3615,3.4175,514933
2024-06-18,3.3802,3.3949,3.3757,3.3835,218613
2024-06-19,3.4028,3.4123,3.3581,3.3724,398111
2024-06-20,3.4016,3.4021,3.3816,3.3949,497911
2024-06-21,3.3609,3.4126,3.3599,3.401,3552286
2024-06-24,3.3433,3.3623,3.3396,3.3498,1263743
2024-06-25,3.3267,3.3643,3.3117,3.3395,566674
2024-06-26,3.3307,3.3475,3.3111,3.3311,1349614
2024-06-27,3.3181,3.3252,3.3128,3.3206,1722329
2024-06-28,3.3245,3.3429,3.3063,3.31,2347465
2024-07-01,3.33,3.3361,3.322,3.326,981503
2024-07-02,3.3751,3.3824,3.3196,3.3269,1734045
2024-07-03,3.4116,3.4182,3.3707,3.3792,1885453
2024-07-04,3.4291,3.4403,3.4035,3.4113,286453
2024-07-05,3.3878,3.4381,3.3759,3.4296,339254
2024-07-08,3.3884,3.4026,3.3757,3.3796,317505
2024-07-09,3.3748,3.3859,3.3736,3.379,620366
2024-07-11,3.4054,3.432,3.3596,3.3787,256388
2024-07-12,3.385,3.4086,3.3779,3.4033,1730403
2024-07-15,3.3966,3.3987,3.3691,3.386,641032
2024-07-16,3.4234,3.4284,3.3913,3.3953,181335
2024-07-17,3.4551,3.464,3.4244,3.4273,274510
2024-07-18,3.4963,3.5061,3.4543,3.457,288918
2024-07-19,3.4725,3.5029,3.4637,3.4945,429671
2024-07-22,3.4947,3.4992,3.4669,3.4691,292592
2024-07-23,3.5281,3.5427,3.4898,3.4958,805247
2024-07-24,3.5095,3.5363,3.5088,3.5321,467917
2024-07-25,3.4828,3.5055,3.4756,3.5044,1198594
2024-07-26,3.4582,3.4867,3.4488,3.4741,1275438
2024-07-29,3.4437,3.4803,3.4407,3.4695,637731
2024-07-30,3.452,3.4628,3.4447,3.4476,229610
2024-07-31,3.4342,3.4589,3.4172,3.4513,147038
2024-08-01,3.4318,3.4463,3.3916,3.418,369659
2024-08-02,3.4438,3.455,3.4306,3.4399,228762
2024-08-05,3.4994,3.5085,3.4419,3.4419,1091760
2024-08-06,3.4735,3.5113,3.4704,3.5051,835937
2024-08-07,3.5096,3.5337,3.4567,3.4766,703534
2024-08-08,3.4978,3.5111,3.4962,3.5071,140035
2024-08-09,3.4903,3.5091,3.4807,3.506,342930
2024-08-12,3.4665,3.503,3.4582,3.4927,324357
2024-08-13,3.4673,3.4792,3.4665,3.4708,2269995
2024-08-14,3.4592,3.4873,3.442,3.4745,363177
2024-08-15,3.4437,3.4579,3.4363,3.4491,435293
2024-08-19,3.4368,3.4535,3.4265,3.448,341147
2024-08-20,3.4031,3.4392,3.383,3.4376,889911
2024-08-21,3.3733,3.4134,3.3678,3.3991,505995
2024-08-22,3.3844,3.3892,3.3621,3.3655,1381957
2024-08-23,3.3999,3.4073,3.388,3.391,412389
2024-08-26,3.412,3.4139,3.3902,3.3907,158555
2024-08-27,3.4321,3.4496,3.4047,3.4132,188916
2024-08-28,3.4237,3.4442,3.4233,3.4344,180235
2024-08-29,3.4333,3.4456,3.4175,3.4309,111103
2024-08-30,3.4499,3.4537,3.4242,3.438,563700
2024-09-02,3.4089,3.4471,3.4046,3.4361,443222
2024-09-03,3.4433,3.4504,3.3889,3.4004,763704
2024-09-04,3.4889,3.4934,3.4555,3.458,522871
2024-09-05,3.4747,3.5043,3.4607,3.492,288833
2024-09-06,3.4441,3.4894,3.4354,3.483,2785175
2024-09-09,3.4691,3.4769,3.4461,3.4552,321748
2024-09-10,3.4806,3.4828,3.4634,3.4712,813158
2024-09-11,3.5033,3.5112,3.4871,3.4881,480660
2024-09-12,3.5324,3.5526,3.4958,3.5071,1020139
2024-09-13,3.5069,3.535,3.4934,3.5342,415809
2024-09-16,3.5285,3.5402,3.5028,3.503,1138416
2024-09-17,3.5381,3.5471,3.5282,3.5346,669584
2024-09-18,3.5137,3.5353,3.5069,3.5317,558993
2024-09-19,3.4975,3.5123,3.4973,3.5055,308434
2024-09-20,3.5261,3.5313,3.4842,3.496,517922
2024-09-23,3.5286,3.5334,3.5116,3.526,766910
2024-09-25,3.5942,3.5963,3.5044,3.5245,1702600
2024-09-26,3.6194,3.6222,3.5914,3.5947,1634134
2024-09-27,3.6252,3.6496,3.6187,3.6189,476064
2024-09-30,3.644,3.6565,3.6178,3.6244,2655266
2024-10-01,3.6448,3.6457,3.6269,3.6365,1012538
2024-10-02,3.6301,3.6557,3.6127,3.6407,760365
2024-10-03,3.6137,3.6565,3.6128,3.6401,457949
2024-10-04,3.6645,3.6662,3.602,3.6211,1219578
2024-10-07,3.7178,3.7268,3.6512,3.6712,201099
2024-10-08,3.6829,3.7267,3.6805,3.7258,302486
2024-10-09,3.6972,3.6973,3.6811,3.6845,1073088
2024-10-10,3.7229,3.7264,3.6918,3.6998,505343
2024-10-11,3.7536,3.7756,3.7151,3.7171,926348
2024-10-14,3.7773,3.7789,3.751,3.7547,896478
2024-10-15,3.771,3.8019,3.767,3.7852,157555
2024-10-16,3.7522,3.7725,3.7428,3.7692,1103899
2024-10-17,3.7528,3.7537,3.7357,3.7525,749089
2024-10-18,3.7476,3.7526,3.7255,3.7486,203678
2024-10-21,3.7437,3.7689,3.7422,3.7595,1002319
2024-10-22,3.7672,3.7744,3.747,3.761,1517573
2024-10-23,3.7966,3.7972,3.753,3.7608,959193
2024-10-24,3.8167,3.8307,3.7921,3.7937,894250
2024-10-25,3.8606,3.8641,3.8159,3.8218,1578668
2024-10-28,3.9042,3.9166,3.8468,3.8598,419173
2024-10-29,3.9722,3.9827,3.8893,3.9037,551634
2024-10-30,4.0029,4.0279,3.9713,3.9766,974814
2024-10-31,4.0406,4.0436,3.9988,4.003,1361499
2024-11-04,4.0436,4.0442,4.0287,4.0387,2035245
2024-11-05,4.0642,4.0668,4.0371,4.0424,515195
2024-11-06,4.0944,4.0972,4.061,4.0683,1927353
2024-11-07,4.1091,4.1187,4.0838,4.0886,141183
2024-11-08,4.0918,4.1142,4.0884,4.1074,422576
2024-11-11,4.0927,4.0967,4.072,4.0881,275813
2024-11-12,4.1129,4.1206,4.0695,4.0998,814987
2024-11-13,4.0635,4.1199,4.0343,4.1135,403969
2024-11-14,4.0325,4.0653,4.0283,4.0494,1528558
2024-11-15,4.0384,4.042,4.03,4.0344,459517
2024-11-18,4.0133,4.0271,3.9981,4.0268,593142
2024-11-19,4.0245,4.0366,4.0063,4.0274,1339338
2024-11-20,4.0133,4.0229,4.0039,4.0154,377821
2024-11-21,4.0118,4.0183,3.9977,4.014,1470371
2024-11-22,4.0155,4.0323,4.0087,4.0155,309043
2024-11-25,4.0221,4.0259,4.018,4.0187,1527102
2024-11-26,4.0589,4.0719,4.0054,4.0181,338830
2024-11-27,4.0701,4.0919,4.0614,4.0665,903347
2024-11-28,4.0367,4.0905,4.0311,4.081,1043877
2024-11-29,4.0751,4.08,4.0386,4.0448,429159
2024-12-02,4.0433,4.0956,4.0317,4.0829,419669
2024-12-03,4.0602,4.0713,4.0303,4.0384,1209910
2024-12-04,4.0771,4.0914,4.0621,4.0625,1219300
2024-12-05,4.0662,4.0737,4.0635,4.0667,535362
2024-12-06,4.1312,4.1318,4.0585,4.0656,942494
2024-12-09,4.1861,4.1902,4.1473,4.15,968763
2024-12-11,4.1621,4.1892,4.157,4.1824,438417
2024-12-12,4.1591,4.1668,4.1536,4.1587,2503801
2024-12-13,4.1503,4.1559,4.1385,4.1492,250982
2024-12-16,4.1129,4.1655,4.1109,4.1549,1708878
2024-12-17,4.1315,4.15,4.1023,4.1114,753501
2024-12-18,4.1228,4.139,4.098,4.1255,1993475
2024-12-19,4.1209,4.1485,4.1105,4.1306,421534
2024-12-20,4.079,4.1468,4.0701,4.1154,788860
2024-12-23,4.0898,4.094,4.0587,4.0718,1036060
2024-12-24,4.0545,4.112,4.0322,4.0997,465572
2024-12-25,4.019,4.0472,4.0014,4.0472,497040
2024-12-26,4.0333,4.0384,4.0141,4.0212,781297
2024-12-27,4.0572,4.0589,4.0025,4.0217,320507
2024-12-30,4.0398,4.0621,4.0344,4.0461,1319420
2024-12-31,4.0305,4.0534,4.0214,4.0374,473113
2025-01-01,4.0404,4.0417,4.0325,4.0397,888281
2025-01-02,4.0411,4.0504,4.0354,4.044,595094
2025-01-03,4.0229,4.0433,4.0138,4.0367,0
2025-01-06,4.0327,4.0454,4.0183,4.0324,1610510
2025-01-07,4.0671,4.0714,4.0235,4.0274,662938
2025-01-08,4.0205,4.0575,4.0131,4.0508,481860
2025-01-09,4.0552,4.0592,4.0255,4.0269,873401
2025-01-10,4.0845,4.0961,4.0364,4.0495,860231
2025-01-13,4.1101,4.1167,4.0555,4.0814,1509043
2025-01-14,4.113,4.114,4.0901,4.0948,352993
2025-01-15,4.1277,4.1394,4.1041,4.1121,833668
2025-01-17,4.0999,4.1534,4.0904,4.1391,372784
2025-01-20,4.1279,4.1416,4.0941,4.0973,1314523
2025-01-21,4.145,4.1666,4.1057,4.1119,531065
2025-01-22,4.1948,4.1996,4.1324,4.1485,301065
2025-01-23,4.1824,4.2099,4.1823,4.1916,1136134
2025-01-24,4.1682,4.2027,4.1668,4.1893,463258
2025-01-27,4.1686,4.1829,4.1434,4.1768,758487
2025-01-28,4.1755,4.1822,4.1537,4.1791,310388
2025-01-29,4.223,4.2338,4.1665,4.1667,1242742
2025-01-30,4.1626,4.2194,4.1621,4.2144,306711
2025-01-31,4.1587,4.1836,4.1329,4.1501,500338
2025-02-03,4.1593,4.1852,4.1576,4.1746,540441
2025-02-04,4.1341,4.1701,4.1231,4.1583,309401
2025-02-05,4.1654,4.1864,4.1239,4.1389,1173666
2025-02-06,4.1311,4.1642,4.0985,4.1605,340991
2025-02-07,4.2198,4.2344,4.1167,4.1208,1019430
2025-02-10,4.2771,4.2891,4.2239,4.2269,94068
2025-02-11,4.2448,4.2931,4.2402,4.2829,501452
2025-02-12,4.2388,4.2402,4.2377,4.2395,336122
2025-02-13,4.1801,4.2398,4.1733,4.2349,484659
2025-02-14,4.1702,4.2032,4.1474,4.1885,621724
2025-02-17,4.1193,4.1817,4.1002,4.1684,1696643
2025-02-18,4.0946,4.1194,4.0775,4.1133,189807
2025-02-19,4.1077,4.1201,4.0872,4.1109,256457
2025-02-20,4.1311,4.1326,4.1127,4.1193,808356
2025-02-21,4.117,4.1319,4.1012,4.1252,949537
2025-02-24,4.1317,4.1443,4.1009,4.105,565322
2025-02-26,4.1516,4.1679,4.1434,4.1458,353622
2025-02-27,4.1414,4.1634,4.1183,4.1438,476526
2025-02-28,4.1374,4.1681,4.1279,4.1476,218548
2025-03-03,4.095,4.1508,4.0931,4.1445,282487
2025-03-04,4.082,4.1,4.0643,4.086,1335240
2025-03-05,4.0837,4.0877,4.0728,4.0804,1157556
2025-03-06,4.0662,4.1183,4.0641,4.098,561463
2025-03-07,4.0983,4.1011,4.061,4.067,272394
2025-03-10,4.0757,4.1142,4.0727,4.0926,1295020
2025-03-11,4.1267,4.1328,4.0517,4.0581,1000394
2025-03-12,4.1338,4.1634,4.1195,4.1383,1077243
2025-03-13,4.1105,4.1412,4.1082,4.1291,343076
2025-03-14,4.0805,4.123,4.071,4.1137,1065209
2025-03-17,4.0705,4.109,4.0571,4.0891,582500
2025-03-18,4.0876,4.1018,4.0779,4.0812,294223
2025-03-19,4.0723,4.0838,4.0603,4.0832,757686
2025-03-20,4.1216,4.1216,4.0469,4.064,381299
2025-03-21,4.1125,4.1255,4.0907,4.1236,796327
2025-03-24,4.1674,4.1764,4.0982,4.1252,849775
2025-03-25,4.1118,4.1769,4.0913,4.1716,332870
2025-03-26,4.0869,4.1295,4.0759,4.1267,485680
2025-03-27,4.0585,4.1083,4.0465,4.0745,900174
2025-03-28,4.0167,4.0666,4.0077,4.0526,1643114
2025-03-31,4.0137,4.0156,4.0043,4.0126,476566
2025-04-01,4.0322,4.0511,3.9994,4.0102,654492
2025-04-02,3.9787,4.0435,3.9745,4.0369,1247277
2025-04-04,3.9557,3.9911,3.942,3.9848,405502
2025-04-07,3.993,4.0391,3.9353,3.9427,553261
2025-04-08,4.0442,4.0458,3.972,3.9852,516559
2025-04-09,4.0434,4.0598,4.0194,4.0353,390934
2025-04-10,4.0457,4.0458,4.0063,4.0422,929453
2025-04-11,4.0734,4.0744,4.0498,4.0512,367844
2025-04-14,4.1309,4.1466,4.0769,4.0793,743988
2025-04-15,4.1065,4.1414,4.0898,4.1078,1672413
2025-04-16,4.0957,4.1187,4.0859,4.0966,236341
2025-04-17,4.1021,4.1022,4.0816,4.0968,2758079
2025-04-18,4.1262,4.1356,4.0896,4.096,972756
2025-04-21,4.1191,4.1242,4.1095,4.117,1107290
2025-04-22,4.1998,4.2033,4.1051,4.1152,401458
2025-04-23,4.2068,4.2074,4.1777,4.1832,125590
2025-04-24,4.2104,4.2373,4.2051,4.2197,2832712
2025-04-25,4.2345,4.2397,4.2166,4.2205,500391
2025-04-28,4.2208,4.2336,4.2196,4.2311,1047792
2025-04-29,4.2317,4.2325,4.222,4.2268,168098
2025-04-30,4.2144,4.2303,4.1991,4.222,966094
2025-05-01,4.2905,4.2993,4.2153,4.2194,528648
2025-05-02,4.2839,4.322,4.2801,4.3016,574253
2025-05-05,4.2368,4.3001,4.235,4.2992,1048377
2025-05-06,4.2839,4.2885,4.2226,4.2326,112427
2025-05-07,4.2655,4.3025,4.2558,4.2828,1661286
2025-05-08,4.3201,4.3363,4.2611,4.2715,144958
2025-05-09,4.3336,4.3355,4.2958,4.3148,83023
2025-05-13,4.3177,4.3738,4.3065,4.3406,383381
2025-05-14,4.3141,4.3295,4.3011,4.3142,341995
2025-05-15,4.3406,4.3549,4.3049,4.3148,555503
2025-05-16,4.3758,4.3785,4.3437,4.345,1690553
2025-05-19,4.3558,4.3846,4.3531,4.3694,612932
2025-05-20,4.3716,4.3992,4.3339,4.3603,204531
2025-05-21,4.407,4.4126,4.3641,4.3749,475886
2025-05-22,4.4196,4.4234,4.3914,4.3996,1605191
2025-05-23,4.4402,4.4562,4.4152,4.422,894164
2025-05-26,4.4008,4.4447,4.3998,4.4394,911012
2025-05-27,4.3854,4.4095,4.3653,4.4001,1851571
2025-05-28,4.4649,4.4713,4.3716,4.3818,460828
2025-05-29,4.54,4.5415,4.4577,4.4602,386022
2025-05-30,4.525,4.5581,4.5192,4.5398,555752
2025-06-02,4.534,4.5425,4.5184,4.5279,1500619
2025-06-03,4.5555,4.559,4.523,4.5299,228562
2025-06-04,4.5758,4.5773,4.5458,4.5554,2379099
2025-06-05,4.5881,4.6098,4.5834,4.5879,314181
2025-06-06,4.5363,4.5721,4.5295,4.5692,451070
2025-06-09,4.5199,4.5496,4.5125,4.5435,402850
2025-06-10,4.4979,4.522,4.4834,4.5067,693861
2025-06-11,4.5348,4.5441,4.4776,4.5027,355046
2025-06-12,4.44,4.5475,4.4181,4.5317,1128633
2025-06-13,4.4866,4.4992,4.441,4.4417,926077
2025-06-16,4.4678,4.5105,4.4664,4.4954,582665
2025-06-17,4.4679,4.4717,4.4405,4.4555,367596
2025-06-19,4.4704,4.4767,4.4307,4.4467,792045
2025-06-20,4.5015,4.5256,4.4433,4.4618,488629
2025-06-23,4.5002,4.5004,4.4905,4.4919,1029399
2025-06-24,4.4646,4.501,4.4613,4.4947,543241
2025-06-25,4.4801,4.486,4.4594,4.4653,612779
2025-06-26,4.4925,4.5055,4.4815,4.4829,233869
2025-06-27,4.4928,4.508,4.4744,4.5011,1105357
2025-06-30,4.4948,4.5064,4.4696,4.502,716866
2025-07-01,4.4855,4.4919,4.4806,4.4918,964122
2025-07-02,4.5289,4.5352,4.4782,4.4829,916836
2025-07-03,4.5585,4.5671,4.5301,4.5451,680032
2025-07-04,4.5819,4.5884,4.559,4.5622,340924
2025-07-07,4.5627,4.6137,4.544,4.5889,742876
2025-07-08,4.5563,4.5876,4.5558,4.5791,325579
2025-07-09,4.5551,4.5854,4.5449,4.5578,507590
2025-07-10,4.5625,4.5714,4.5299,4.5479,497654
2025-07-11,4.5833,4.6062,4.5428,4.5507,527851
2025-07-14,4.5659,4.5964,4.5434,4.5856,0
2025-07-15,4.6069,4.6071,4.5522,4.558,410747
2025-07-16,4.6293,4.634,4.6042,4.6117,455950
2025-07-17,4.6388,4.6862,4.6151,4.6402,210664
2025-07-18,4.6542,4.6648,4.6314,4.6437,432791
2025-07-21,4.7296,4.7419,4.6424,4.666,793386
2025-07-22,4.6948,4.7204,4.6901,4.7183,325945
2025-07-23,4.6704,4.6956,4.6667,4.6845,162443
2025-07-24,4.6044,4.6849,4.5877,4.6592,491170
2025-07-25,4.6495,4.6609,4.5825,4.595,606132
2025-07-29,4.6351,4.6724,4.6171,4.6556,990104
2025-07-30,4.6722,4.6802,4.6307,4.6389,512636
2025-07-31,4.6657,4.7001,4.6569,4.6772,651815
2025-08-01,4.7275,4.7398,4.6577,4.6621,573830
2025-08-04,4.7909,4.8074,4.7211,4.7392,2067000
2025-08-05,4.7986,4.8072,4.7896,4.7947,353606
2025-08-06,4.7521,4.8081,4.7252,4.8013,444156
2025-08-07,4.7641,4.7844,4.7363,4.747,640902
2025-08-08,4.7246,4.7749,4.719,4.7617,980798
2025-08-11,4.7192,4.7357,4.6988,4.7278,945958
2025-08-12,4.7216,4.723,4.7052,4.7092,671949
2025-08-13,4.697,4.7436,4.688,4.7278,1796856
2025-08-14,4.6565,4.7078,4.6551,4.7027,391585
2025-08-15,4.6288,4.6852,4.6187,4.6705,1623585
2025-08-18,4.6582,4.6668,4.6175,4.6347,871756
2025-08-19,4.6773,4.7015,4.6366,4.6555,1993149
2025-08-20,4.7299,4.7312,4.6593,4.6642,354820
2025-08-21,4.7018,4.7345,4.6817,4.7274,659889
2025-08-22,4.7084,4.7372,4.6861,4.6954,441443
2025-08-25,4.7499,4.7539,4.7142,4.7156,287620
2025-08-26,4.7496,4.769,4.7225,4.7244,441840
2025-08-27,4.7706,4.7767,4.7287,4.7423,784499
2025-08-28,4.8015,4.8111,4.7843,4.7931,514868
2025-08-29,4.8819,4.8878,4.7892,4.7974,266063
2025-09-01,4.904,4.9086,4.8594,4.8691,965094
2025-09-02,4.9451,4.9466,4.8717,4.8947,810109
2025-09-04,5.0102,5.0317,4.9677,4.9731,1542793
2025-09-05,4.9499,5.0475,4.9482,5.0169,627204
2025-09-08,4.9172,4.9883,4.9128,4.9538,641295
2025-09-09,4.9113,4.9274,4.903,4.9166,1150103
2025-09-10,4.8783,4.9405,4.8738,4.9274,359131
2025-09-11,4.8535,4.897,4.8509,4.8841,811623
2025-09-12,4.8607,4.8611,4.8345,4.843,735253
2025-09-15,4.808,4.8706,4.7809,4.8569,735917
2025-09-16,4.7552,4.8288,4.7516,4.7969,677369
2025-09-17,4.741,4.7519,4.7096,4.7428,123234
2025-09-18,4.6888,4.7502,4.6806,4.7385,1438221
2025-09-19,4.6573,4.7018,4.6492,4.6981,249152
2025-09-22,4.6901,4.7077,4.6372,4.6415,1030487
2025-09-23,4.6923,4.7149,4.6913,4.7007,474371
2025-09-24,4.6985,4.7008,4.69,4.6979,175775
2025-09-25,4.7164,4.7194,4.6699,4.6942,671464
2025-09-26,4.7086,4.7142,4.6863,4.6995,305819
2025-09-29,4.7302,4.7332,4.6863,4.6866,1228165
2025-09-30,4.7265,4.7626,4.7006,4.721,272199
2025-10-01,4.69,4.7459,4.6829,4.7259,1736115
2025-10-02,4.7041,4.7083,4.6777,4.6878,919528
2025-10-03,4.6741,4.7339,4.6645,4.7144,196009
2025-10-06,4.7174,4.722,4.6783,4.6877,1028868
2025-10-07,4.7969,4.8039,4.7076,4.7168,997818
2025-10-08,4.7833,4.8041,4.775,4.8021,756097
2025-10-09,4.7263,4.7903,4.7201,4.7885,391395
2025-10-13,4.7286,4.75,4.7115,4.7394,1847919
2025-10-14,4.7145,4.737,4.7058,4.7297,499841
2025-10-15,4.7274,4.7312,4.6949,4.7138,1229062
2025-10-16,4.6491,4.7349,4.6271,4.7249,761526
2025-10-17,4.646,4.6835,4.6386,4.6527,1891827
2025-10-20,4.6408,4.6493,4.6293,4.6461,186301
2025-10-21,4.6742,4.6857,4.6358,4.6384,1524396
2025-10-22,4.6541,4.6715,4.6443,4.6594,159493
2025-10-23,4.6823,4.6846,4.6465,4.6564,1326503
2025-10-24,4.6546,4.6712,4.644,4.6653,1036635
2025-10-27,4.6576,4.664,4.654,4.6577,417564
2025-10-28,4.6862,4.7048,4.655,4.6587,465829
2025-10-29,4.6476,4.6951,4.6457,4.6894,701361
2025-10-30,4.6389,4.6579,4.6267,4.6525,5295623
2025-10-31,4.66,4.6881,4.6115,4.6386,352616
2025-11-03,4.6476,4.6709,4.6392,4.6681,680159
2025-11-04,4.5741,4.6539,4.5727,4.6378,1052446
2025-11-05,4.5765,4.5811,4.5582,4.5654,491530
2025-11-06,4.6233,4.6458,4.574,4.5757,891712
2025-11-07,4.6682,4.6691,4.6013,4.62,893630
2025-11-10,4.6885,4.6886,4.6563,4.6644,1203758
2025-11-11,4.6838,4.6972,4.6733,4.6806,227168
2025-11-12,4.6538,4.7111,4.6517,4.6978,1328054
2025-11-13,4.6331,4.6486,4.6168,4.643,911649
2025-11-14,4.6487,4.6615,4.6056,4.6274,973135
2025-11-17,4.6083,4.6489,4.6031,4.647,738910
2025-11-18,4.6325,4.6616,4.6069,4.6198,212366
2025-11-20,4.6425,4.6435,4.6255,4.6268,850871
2025-11-21,4.6826,4.694,4.6237,4.6274,1241247
2025-11-24,4.6622,4.6896,4.6496,4.6847,232294
2025-11-25,4.669,4.6814,4.6366,4.6613,370362
2025-11-26,4.6482,4.6907,4.624,4.6789,468063
2025-11-27,4.6179,4.6808,4.6076,4.6588,585542
2025-11-28,4.604,4.6391,4.6026,4.6263,172733
2025-12-01,4.5937,4.6164,4.5929,4.6058,4359824
2025-12-02,4.5505,4.5986,4.541,4.5887,1103522
2025-12-03,4.5949,4.5957,4.5313,4.5422,569737
2025-12-04,4.5495,4.6228,4.5364,4.6078,232207
2025-12-05,4.5664,4.5681,4.5566,4.5662,567254
2025-12-08,4.5695,4.5705,4.5494,4.562,520073
2025-12-09,4.5395,4.5753,4.5073,4.5746,596551
2025-12-10,4.5803,4.5822,4.5324,4.5372,422269
2025-12-11,4.5632,4.5664,4.5472,4.5663,577109
2025-12-12,4.6061,4.616,4.5288,4.5524,1298772
2025-12-15,4.6695,4.6942,4.5983,4.6004,1160557
2025-12-16,4.6303,4.6715,4.6258,4.6632,622637
2025-12-17,4.6454,4.6562,4.6137,4.621,4321907
2025-12-18,4.6303,4.6331,4.625,4.6255,435225
2025-12-19,4.6359,4.6535,4.6122,4.6143,123058
2025-12-22,4.6378,4.6443,4.6275,4.6438,1212338
2025-12-23,4.5885,4.6635,4.585,4.6583,748860
2025-12-24,4.5603,4.6055,4.547,4.5855,483983
2025-12-25,4.5396,4.5827,4.5263,4.5551,349666
2025-12-29,4.5613,4.5819,4.5228,4.5359,831950
2025-12-30,4.5373,4.565,4.5293,4.5479,415389
2025-12-31,4.5398,4.5496,4.5193,4.5378,801923
2026-01-01,4.5431,4.5622,4.5177,4.5346,1325886
2026-01-02,4.5083,4.55,4.5033,4.5366,260221
2026-01-05,4.4974,4.5334,4.4696,4.5148,271398
2026-01-06,4.5096,4.5172,4.5096,4.5101,1058660
2026-01-07,4.5852,4.5893,4.4904,4.495,924442
2026-01-08,4.5565,4.5999,4.5432,4.5867,969605
2026-01-09,4.6422,4.6567,4.5397,4.5634,761490
2026-01-12,4.6385,4.6597,4.6313,4.6583,1988124
2026-01-13,4.6397,4.6468,4.6307,4.6348,265844
2026-01-14,4.6784,4.716,4.6178,4.6285,666327
2026-01-15,4.6352,4.6724,4.6216,4.6684,356612
2026-01-16,4.6524,4.6579,4.6166,4.6285,209040
2026-01-19,4.6776,4.7055,4.6451,4.6571,945027
2026-01-20,4.6553,4.7021,4.6533,4.6915,135510
2026-01-21,4.6304,4.6577,4.612,4.6556,1731420
2026-01-22,4.6688,4.684,4.604,4.6201,390964
2026-01-23,4.7158,4.7208,4.6737,4.6858,607700
2026-01-26,4.7317,4.7677,4.7116,4.7204,422247
2026-01-27,4.73,4.748,4.7123,4.7329,316426
2026-01-28,4.7693,4.7733,4.7138,4.7249,2283163
2026-01-29,4.7949,4.8117,4.7295,4.756,639540
2026-01-30,4.7942,4.8109,4.7647,4.7778,838145
2026-02-02,4.8174,4.8336,4.782,4.8008,402909
2026-02-04,4.8391,4.8484,4.808,4.8171,736100
2026-02-05,4.9339,4.9456,4.8301,4.8392,776064
2026-02-06,4.9435,4.9666,4.937,4.9435,371003
2026-02-09,4.9488,4.9687,4.9383,4.9554,176608
2026-02-10,4.9861,4.9928,4.9284,4.9439,332696
2026-02-11,4.9598,4.9823,4.9507,4.976,1206755
2026-02-12,4.998,5.0083,4.9421,4.9607,2233960
2026-02-13,5.0049,5.0159,4.9878,5.0,336878
2026-02-16,5.0757,5.0925,4.9972,5.005,573760
2026-02-17,5.0674,5.0924,5.0355,5.0542,1272864
2026-02-18,5.036,5.0826,5.0301,5.0754,350016
2026-02-19,5.0698,5.0796,5.0356,5.0409,280373
2026-02-20,5.1307,5.1405,5.077,5.0847,820969
2026-02-23,5.0914,5.1436,5.0788,5.1429,280228
2026-02-24,5.1238,5.1239,5.0838,5.1024,1340762
2026-02-25,5.1493,5.1677,5.1209,5.1302,388954
2026-02-26,5.1398,5.1627,5.1292,5.1515,931687
2026-02-27,5.1291,5.1414,5.1201,5.1301,0
2026-03-02,5.1023,5.1533,5.0957,5.1372,236283
2026-03-03,5.1162,5.1334,5.0915,5.0968,734966
2026-03-04,5.1489,5.1639,5.1035,5.1114,2253733
2026-03-05,5.1536,5.1728,5.1331,5.1383,439583
2026-03-06,5.0926,5.17,5.0729,5.1523,1814002
2026-03-09,5.156,5.1653,5.0785,5.0915,478215
2026-03-10,5.2268,5.2396,5.1409,5.1631,486614
2026-03-11,5.2324,5.2587,5.2213,5.2424,1177384
2026-03-13,5.2388,5.2948,5.231,5.2422,585946
2026-03-16,5.2557,5.2668,5.2125,5.2274,213888
2026-03-17,5.2511,5.2547,5.2469,5.2484,1044987
2026-03-18,5.2295,5.2826,5.2189,5.2696,1535780
2026-03-19,5.2059,5.2401,5.1963,5.2187,406147
2026-03-20,5.184,5.2071,5.1577,5.2006,552912
2026-03-23,5.2017,5.2254,5.1821,5.1901,505297
2026-03-24,5.2636,5.2677,5.1919,5.2085,443327
2026-03-25,5.2401,5.2671,5.2358,5.2615,439687
2026-03-26,5.2642,5.2976,5.2183,5.235,1080147
2026-03-27,5.3541,5.3604,5.2636,5.2639,623503
2026-03-30,5.3598,5.375,5.3268,5.3391,766914
2026-03-31,5.3926,5.3955,5.3521,5.3626,387971
2026-04-01,5.3593,5.3999,5.336,5.3916,879552
2026-04-02,5.3616,5.3795,5.3152,5.3602,558794
2026-04-03,5.3615,5.3755,5.3349,5.3655,438785
2026-04-06,5.3134,5.3819,5.3075,5.3698,343563
2026-04-07,5.2892,5.3092,5.2853,5.2977,737550
2026-04-08,5.2713,5.2861,5.2586,5.2781,329468
2026-04-09,5.2564,5.279,5.2512,5.2714,882336
2026-04-10,5.2857,5.2864,5.2459,5.2582,214989
2026-04-13,5.2957,5.3018,5.2566,5.2741,1834046
2026-04-14,5.341,5.3686,5.2723,5.29,534588
2026-04-15,5.3748,5.3801,5.3203,5.329,2197763
2026-04-16,5.4019,5.4101,5.3752,5.3825,593708
2026-04-17,5.374,5.4153,5.345,5.4026,548844
2026-04-20,5.4136,5.4184,5.3437,5.3617,390762
2026-04-22,5.4539,5.4619,5.4121,5.4137,541916
2026-04-23,5.5041,5.5199,5.4572,5.4697,839348
2026-04-24,5.4932,5.5342,5.4852,5.5067,496482
2026-04-27,5.4968,5.5196,5.4649,5.4786,540117
2026-04-28,5.5066,5.5112,5.4761,5.4919,248126
2026-04-29,5.4903,5.5085,5.4665,5.5079,314587
2026-04-30,5.4495,5.5261,5.4398,5.5087,224638
2026-05-01,5.4565,5.4632,5.4258,5.4428,335724
2026-05-04,5.4642,5.475,5.4509,5.4618,867976
2026-05-05,5.4805,5.5,5.4503,5.4724,312406
2026-05-06,5.4994,5.5108,5.4509,5.4563,861200
2026-05-07,5.5234,5.5379,5.4796,5.4912,462855
2026-05-08,5.5086,5.5426,5.5072,5.5314,345210
2026-05-11,5.5009,5.5634,5.4772,5.5271,1669960
2026-05-12,5.4477,5.5042,5.4123,5.4977,316495
2026-05-13,5.4839,5.49,5.4315,5.4522,866072
2026-05-14,5.4485,5.5025,5.4205,5.4834,847861
2026-05-15,5.3823,5.4923,5.3686,5.4484,2007714
2026-05-18,5.447,5.4647,5.3805,5.3852,400057
2026-05-19,5.4919,5.5122,5.4459,5.4554,164951
2026-05-20,5.4559,5.4913,5.454,5.4738,351238
2026-05-21,5.4983,5.5016,5.4706,5.4733,418818
2026-05-22,5.5315,5.5457,5.5012,5.5128,819435
2026-05-25,5.4944,5.5529,5.4799,5.5245,521865
2026-05-26,5.4487,5.5244,5.4471,5.5122,173647
2026-05-27,5.5052,5.5077,5.4328,5.4485,597930
2026-05-29,5.4788,5.5177,5.4753,5.5017,532031
2026-06-01,5.4809,5.5044,5.4738,5.4923,795584
2026-06-02,5.4358,5.4881,5.4245,5.4785,966594
2026-06-03,5.3923,5.4567,5.3787,5.4441,566709
2026-06-04,5.4394,5.4434,5.3651,5.3834,912431
2026-06-05,5.449,5.4802,5.4199,5.4469,1527682
2026-06-08,5.3933,5.4579,5.3895,5.446,413210
2026-06-09,5.389,5.4092,5.387,5.4019,627706
2026-06-10,5.3728,5.4057,5.3722,5.3978,243321
2026-06-11,5.4143,5.4229,5.3704,5.376,624899
2026-06-12,5.4009,5.4371,5.3849,5.4182,295523
2026-06-15,5.3992,5.4155,5.3766,5.4062,854799
2026-06-16,5.414,5.4193,5.4117,5.412,330255
2026-06-17,5.4926,5.497,5.3997,5.4154,1107265
2026-06-18,5.4843,5.5205,5.4839,5.5127,1411098
2026-06-19,5.4606,5.4817,5.455,5.4653,547805
2026-06-22,5.4641,5.481,5.4416,5.4624,3200093
2026-06-23,5.4854,5.49,5.4435,5.4576,814308
2026-06-24,5.5221,5.5317,5.4725,5.4887,1632339
2026-06-25,5.5273,5.5407,5.4925,5.5332,667953
2026-06-26,5.5719,5.5828,5.4959,5.5241,2150049
2026-06-29,5.6153,5.6158,5.5565,5.5569,1534868
2026-06-30,5.6695,5.6822,5.5926,5.6121,281421
2026-07-01,5.6914,5.7026,5.6502,5.6601,844087
2026-07-02,5.6277,5.7153,5.6174,5.7144,475764
2026-07-03,5.5943,5.6575,5.5906,5.6458,732671
2026-07-07,5.5899,5.6174,5.5709,5.5887,275294
2026-07-08,5.5742,5.584,5.5481,5.5704,847157
2026-07-09,5.5825,5.6053,5.5297,5.5602,358901
2026-07-10,5.5502,5.6015,5.5474,5.579,2241570
2026-07-13,5.5863,5.5949,5.5371,5.5478,390650
2026-07-14,5.5965,5.6216,5.5679,5.5806,1048499
2026-07-15,5.5864,5.5943,5.5819,5.5942,475589
2026-07-16,5.5599,5.6227,5.5483,5.6103,667906
2026-07-17,5.573,5.581,5.5575,5.5649,195028
2026-07-20,5.6185,5.632,5.5735,5.5824,879503
2026-07-21,5.5961,5.6161,5.585,5.6085,994436
2026-07-22,5.5689,5.5992,5.5486,5.5882,394361
2026-07-23,5.6044,5.6182,5.5699,5.5773,1711575
2026-07-24,5.663,5.6682,5.5834,5.5964,303566
