date,rain_mm_mean,rain_mm_max,stations_reporting
2026-05-26,4.036,18.0,77
2026-05-27,0.0,0.0,77
2026-05-28,4.201,26.4,77
2026-05-29,3.012,44.8,77
2026-05-30,6.953,25.8,77
2026-05-31,0.031,1.4,77
2026-06-01,1.387,13.4,77
2026-06-02,0.0,0.0,77
2026-06-03,0.561,8.8,77
2026-06-04,0.003,0.2,77
2026-06-05,0.286,3.8,77
2026-06-06,0.426,31.6,77
2026-06-07,0.41,8.2,77
2026-06-08,13.078,54.8,77
2026-06-09,15.108,50.6,77
2026-06-10,0.969,6.6,77
2026-06-11,20.655,50.3,77
2026-06-12,19.791,65.2,77
2026-06-13,0.008,0.4,77
2026-06-14,0.387,14.8,77
2026-06-15,4.738,20.8,77
2026-06-16,0.236,3.6,77
2026-06-17,13.519,83.6,77
2026-06-18,0.395,4.6,77
2026-06-19,11.571,43.0,77
2026-06-20,4.535,35.5,77
2026-06-21,2.712,41.0,77
2026-06-22,26.952,78.2,77
2026-06-23,0.01,0.2,77
2026-06-24,27.377,81.4,77
2026-06-25,0.045,0.4,76
2026-06-26,4.811,23.4,76
2026-06-27,0.032,1.2,76
2026-06-28,0.0,0.0,76
2026-06-29,0.289,6.2,76
2026-06-30,16.101,69.4,77
2026-07-01,0.488,5.8,77
2026-07-02,5.152,31.7,77
2026-07-03,0.605,9.6,77
2026-07-04,4.504,37.6,77
2026-07-05,5.948,55.4,77
2026-07-06,2.175,29.2,77
2026-07-07,13.044,125.5,77
2026-07-08,7.219,43.4,77
2026-07-09,1.46,26.2,77
2026-07-10,0.052,1.6,77
2026-07-11,2.795,26.8,77
2026-07-12,8.614,27.1,77
2026-07-13,0.196,5.7,77
2026-07-14,0.068,4.4,77
2026-07-15,3.942,32.8,77
2026-07-16,0.021,1.0,77
2026-07-17,5.726,28.0,77
2026-07-18,3.051,22.2,77
2026-07-19,0.029,0.2,77
2026-07-20,1.148,24.6,77
2026-07-21,2.991,31.2,77
2026-07-22,17.255,105.8,77
2026-07-23,5.175,49.0,77
2026-07-24,0.701,19.2,77
