timestamp,value
2026-01-01,123.1
2026-01-02,143.1
2026-01-03,142.6
2026-01-04,117.2
2026-01-05,119.8
2026-01-06,104.9
2026-01-07,100.0
2026-01-08,125.8
2026-01-09,139.6
2026-01-10,142.9
2026-01-11,129.7
2026-01-12,117.1
2026-01-13,94.8
2026-01-14,103.9
2026-01-15,116.8
2026-01-16,142.2
2026-01-17,141.1
2026-01-18,127.4
2026-01-19,105.7
2026-01-20,99.7
2026-01-21,106.0
2026-01-22,119.2
2026-01-23,149.0
2026-01-24,150.4
2026-01-25,106.2
2026-01-26,96.3
2026-01-27,101.0
2026-01-28,102.7
2026-01-29,124.2
2026-01-30,139.9
2026-01-31,161.0
2026-02-01,121.1
2026-02-02,110.5
2026-02-03,121.5
2026-02-04,112.9
2026-02-05,128.8
2026-02-06,133.9
2026-02-07,127.6
2026-02-08,133.2
2026-02-09,115.4
2026-02-10,92.7
2026-02-11,101.5
2026-02-12,122.7
2026-02-13,130.6
2026-02-14,142.1
2026-02-15,133.1
2026-02-16,115.3
2026-02-17,99.7
2026-02-18,113.5
2026-02-19,131.9
2026-02-20,142.5
2026-02-21,136.2
2026-02-22,139.4
2026-02-23,111.0
2026-02-24,112.7
2026-02-25,99.1
2026-02-26,132.7
2026-02-27,140.0
2026-02-28,132.9
2026-03-01,130.6
2026-03-02,116.6
2026-03-03,107.8
2026-03-04,100.5
2026-03-05,115.1
2026-03-06,142.6
2026-03-07,140.5
2026-03-08,136.1
2026-03-09,123.5
2026-03-10,91.1
2026-03-11,112.2
2026-03-12,136.6
2026-03-13,138.6
2026-03-14,138.0
2026-03-15,141.3
2026-03-16,119.5
2026-03-17,114.6
2026-03-18,107.3
2026-03-19,112.8
2026-03-20,140.9
2026-03-21,141.8
2026-03-22,142.1
2026-03-23,119.5
2026-03-24,92.4
2026-03-25,100.2
2026-03-26,134.7
2026-03-27,148.6
2026-03-28,140.6
2026-03-29,135.6
2026-03-30,122.4
2026-03-31,111.8
2026-04-01,119.4
2026-04-02,129.6
2026-04-03,142.1
2026-04-04,144.6
2026-04-05,145.7
2026-04-06,98.7
2026-04-07,106.9
2026-04-08,112.4
2026-04-09,115.0
2026-04-10,146.6
2026-04-11,141.6
2026-04-12,144.5
2026-04-13,118.4
2026-04-14,114.8
2026-04-15,123.7
2026-04-16,131.8
2026-04-17,136.2
2026-04-18,134.4
2026-04-19,153.1
2026-04-20,119.0
2026-04-21,103.1
2026-04-22,114.5
2026-04-23,127.2
2026-04-24,152.3
2026-04-25,148.9
2026-04-26,138.0
2026-04-27,114.2
2026-04-28,114.1
2026-04-29,104.5
2026-04-30,135.5
2026-05-01,159.0
2026-05-02,135.5
2026-05-03,116.2
2026-05-04,126.7
2026-05-05,133.4
2026-05-06,105.4
2026-05-07,118.8
2026-05-08,151.1
2026-05-09,142.2
2026-05-10,134.4
2026-05-11,118.6
2026-05-12,115.8
2026-05-13,111.3
2026-05-14,133.1
2026-05-15,144.8
2026-05-16,142.7
2026-05-17,136.7
2026-05-18,113.7
2026-05-19,111.6
2026-05-20,105.4
2026-05-21,121.4
2026-05-22,160.0
2026-05-23,150.4
2026-05-24,139.6
2026-05-25,127.4
2026-05-26,108.3
2026-05-27,114.0
2026-05-28,135.6
2026-05-29,150.0
2026-05-30,141.0
2026-05-31,148.2
2026-06-01,118.1
2026-06-02,103.2
2026-06-03,108.5
2026-06-04,128.8
2026-06-05,162.7
2026-06-06,141.4
2026-06-07,142.7
2026-06-08,104.7
2026-06-09,113.2
2026-06-10,125.3
2026-06-11,130.8
2026-06-12,142.9
2026-06-13,154.6
2026-06-14,148.1
2026-06-15,130.5
2026-06-16,131.5
2026-06-17,119.6
2026-06-18,128.1
2026-06-19,148.0
2026-06-20,152.4
2026-06-21,143.3
2026-06-22,124.8
2026-06-23,115.9
2026-06-24,103.2
2026-06-25,141.5
2026-06-26,144.5
2026-06-27,143.1
2026-06-28,148.7
2026-06-29,137.5
2026-06-30,119.3
2026-07-01,120.3
2026-07-02,126.2
2026-07-03,176.1
2026-07-04,162.1
2026-07-05,133.2
2026-07-06,119.2
2026-07-07,116.2
2026-07-08,105.4
2026-07-09,136.6
2026-07-10,146.7
2026-07-11,165.8
2026-07-12,152.7
2026-07-13,102.4
2026-07-14,116.4
2026-07-15,105.4
2026-07-16,145.7
2026-07-17,152.9
2026-07-18,160.3
2026-07-19,135.0
2026-07-20,143.8
2026-07-21,134.8
2026-07-22,110.9
2026-07-23,139.6
2026-07-24,145.9
2026-07-25,155.7
2026-07-26,133.8
2026-07-27,144.7
2026-07-28,108.4
2026-07-29,118.4
2026-07-30,141.3
2026-07-31,146.7
2026-08-01,154.3
2026-08-02,140.6
2026-08-03,127.2
2026-08-04,107.2
2026-08-05,117.7
2026-08-06,135.5
2026-08-07,150.1
2026-08-08,157.5
2026-08-09,143.6
2026-08-10,135.8
2026-08-11,115.4
2026-08-12,121.0
2026-08-13,131.9
2026-08-14,148.9
2026-08-15,146.2
2026-08-16,151.5
2026-08-17,119.3
2026-08-18,112.1
2026-08-19,126.0
2026-08-20,142.1
2026-08-21,150.6
2026-08-22,140.0
2026-08-23,151.2
2026-08-24,132.5
2026-08-25,106.7
2026-08-26,130.3
2026-08-27,132.7
2026-08-28,144.6
2026-08-29,159.6
2026-08-30,146.4
2026-08-31,132.5
2026-09-01,105.5
2026-09-02,140.2
2026-09-03,134.2
2026-09-04,141.5
2026-09-05,164.8
2026-09-06,145.3
2026-09-07,134.2
2026-09-08,117.4
2026-09-09,123.9
2026-09-10,142.4
2026-09-11,149.2
2026-09-12,165.9
2026-09-13,144.8
2026-09-14,124.0
2026-09-15,121.8
2026-09-16,129.0
2026-09-17,138.7
2026-09-18,148.7
2026-09-19,166.0
2026-09-20,133.8
2026-09-21,123.1
2026-09-22,122.0
2026-09-23,113.3
2026-09-24,141.5
2026-09-25,156.5
2026-09-26,169.0
2026-09-27,142.0
2026-09-28,127.3
2026-09-29,125.2
2026-09-30,104.0
2026-10-01,169.7
2026-10-02,151.3
2026-10-03,154.9
2026-10-04,158.5
2026-10-05,133.1
2026-10-06,106.7
2026-10-07,132.3
2026-10-08,150.1
2026-10-09,154.1
2026-10-10,159.5
2026-10-11,155.7
2026-10-12,125.9
2026-10-13,127.2
2026-10-14,129.0
2026-10-15,136.9
2026-10-16,146.1
2026-10-17,160.6
2026-10-18,144.0
2026-10-19,143.6
2026-10-20,125.2
2026-10-21,134.8
2026-10-22,144.7
2026-10-23,161.6
2026-10-24,156.1
2026-10-25,158.5
2026-10-26,151.2
2026-10-27,121.6
2026-10-28,123.0
2026-10-29,142.7
2026-10-30,155.5
2026-10-31,157.4
2026-11-01,154.2
2026-11-02,133.1
2026-11-03,137.9
2026-11-04,128.9
2026-11-05,147.6
2026-11-06,168.9
2026-11-07,161.6
2026-11-08,166.5
2026-11-09,130.6
2026-11-10,118.3
2026-11-11,126.2
2026-11-12,144.2
2026-11-13,148.3
2026-11-14,164.5
2026-11-15,139.1
2026-11-16,149.4
2026-11-17,125.4
2026-11-18,124.3
2026-11-19,137.6
2026-11-20,158.0
2026-11-21,163.4
2026-11-22,145.3
2026-11-23,129.1
2026-11-24,125.0
2026-11-25,125.9
2026-11-26,154.8
2026-11-27,172.3
2026-11-28,166.1
2026-11-29,159.5
2026-11-30,125.9
2026-12-01,133.0
2026-12-02,130.9
2026-12-03,151.2
2026-12-04,177.0
2026-12-05,146.0
2026-12-06,158.1
2026-12-07,128.6
2026-12-08,133.1
2026-12-09,119.9
2026-12-10,143.0
2026-12-11,165.0
2026-12-12,172.6
2026-12-13,157.0
2026-12-14,131.9
2026-12-15,123.4
2026-12-16,140.2
2026-12-17,148.0
2026-12-18,148.6
2026-12-19,175.3
2026-12-20,160.7
2026-12-21,147.5
2026-12-22,125.9
2026-12-23,140.3
2026-12-24,139.0
2026-12-25,169.4
2026-12-26,163.8
2026-12-27,163.5
2026-12-28,149.3
2026-12-29,122.8
2026-12-30,132.9
2026-12-31,149.5
