timestamp,taxi_count
2026-05-29 23:59:48+08:00,3008
2026-05-30 00:59:50+08:00,2548
2026-05-30 01:59:53+08:00,2381
2026-05-30 02:59:55+08:00,2341
2026-05-30 03:59:58+08:00,2315
2026-05-30 05:00:00+08:00,2232
2026-05-30 05:59:33+08:00,1766
2026-05-30 06:59:35+08:00,1608
2026-05-30 07:59:38+08:00,2000
2026-05-30 08:59:40+08:00,2301
2026-05-30 09:59:43+08:00,2389
2026-05-30 10:59:46+08:00,3288
2026-05-30 11:59:48+08:00,2734
2026-05-30 12:59:51+08:00,2980
2026-05-30 13:59:53+08:00,3027
2026-05-30 14:59:56+08:00,2720
2026-05-30 15:59:58+08:00,2628
2026-05-30 16:59:31+08:00,2703
2026-05-30 17:59:33+08:00,3323
2026-05-30 18:59:36+08:00,3434
2026-05-30 19:59:38+08:00,2735
2026-05-30 20:59:41+08:00,3334
2026-05-30 21:59:43+08:00,2695
2026-05-30 22:59:46+08:00,2534
2026-05-30 23:59:48+08:00,2351
2026-05-31 00:59:50+08:00,2345
2026-05-31 01:59:53+08:00,2477
2026-05-31 02:59:55+08:00,2152
2026-05-31 03:59:58+08:00,1679
2026-05-31 04:59:31+08:00,1716
2026-05-31 05:59:33+08:00,1437
2026-05-31 06:59:35+08:00,1736
2026-05-31 07:59:38+08:00,1993
2026-05-31 08:59:41+08:00,2287
2026-05-31 09:59:43+08:00,2564
2026-05-31 10:59:45+08:00,3133
2026-05-31 11:59:18+08:00,2500
2026-05-31 12:59:20+08:00,3209
2026-05-31 13:59:53+08:00,2427
2026-05-31 14:59:55+08:00,2357
2026-05-31 15:59:58+08:00,2334
2026-05-31 17:00:00+08:00,2410
2026-05-31 17:59:33+08:00,2987
2026-05-31 18:59:35+08:00,2702
2026-05-31 19:59:38+08:00,1981
2026-05-31 20:59:10+08:00,2445
2026-05-31 21:59:43+08:00,2403
2026-05-31 22:59:45+08:00,2545
2026-05-31 23:59:48+08:00,2115
2026-06-01 00:59:50+08:00,2217
2026-06-01 01:59:53+08:00,2108
2026-06-01 02:59:56+08:00,1710
2026-06-01 03:59:58+08:00,2014
2026-06-01 04:59:01+08:00,1900
2026-06-01 05:59:33+08:00,1992
2026-06-01 06:59:36+08:00,2206
2026-06-01 07:59:38+08:00,2780
2026-06-01 08:59:41+08:00,3841
2026-06-01 09:59:43+08:00,2974
2026-06-01 10:59:46+08:00,4159
2026-06-01 11:59:48+08:00,3727
2026-06-01 12:59:51+08:00,3941
2026-06-01 13:59:53+08:00,3438
2026-06-01 14:59:56+08:00,3171
2026-06-01 15:59:58+08:00,3144
2026-06-01 17:00:00+08:00,3626
2026-06-01 17:59:33+08:00,3500
2026-06-01 18:59:06+08:00,3464
2026-06-01 19:59:38+08:00,3448
2026-06-01 20:59:41+08:00,3347
2026-06-01 21:59:43+08:00,2791
2026-06-01 22:59:46+08:00,3305
2026-06-01 23:59:48+08:00,2617
2026-06-02 00:59:51+08:00,2486
2026-06-02 01:59:53+08:00,2288
2026-06-02 02:59:56+08:00,2029
2026-06-02 03:59:59+08:00,2170
2026-06-02 04:59:31+08:00,1539
2026-06-02 05:59:34+08:00,2266
2026-06-02 06:59:36+08:00,1947
2026-06-02 07:59:39+08:00,2441
2026-06-02 08:59:41+08:00,1212
2026-06-02 09:59:43+08:00,500
2026-06-02 10:59:46+08:00,1469
2026-06-02 11:59:48+08:00,3285
2026-06-02 12:59:51+08:00,3447
2026-06-02 13:59:53+08:00,3097
2026-06-02 14:59:56+08:00,3500
2026-06-02 15:59:58+08:00,3491
2026-06-02 16:59:31+08:00,2807
2026-06-02 17:59:33+08:00,3000
2026-06-02 18:59:35+08:00,3679
2026-06-02 19:59:38+08:00,3773
2026-06-02 20:55:40+08:00,1378
2026-06-02 21:59:43+08:00,3230
2026-06-02 22:59:15+08:00,3399
2026-06-02 23:59:48+08:00,3344
2026-06-03 00:59:20+08:00,2864
2026-06-03 01:59:53+08:00,2800
2026-06-03 02:59:55+08:00,1767
2026-06-03 03:59:58+08:00,1781
2026-06-03 05:00:00+08:00,1923
2026-06-03 05:59:33+08:00,2027
2026-06-03 06:59:35+08:00,2897
2026-06-03 07:59:38+08:00,1125
2026-06-03 08:59:40+08:00,995
2026-06-03 09:59:13+08:00,667
2026-06-03 10:59:15+08:00,244
2026-06-03 11:59:48+08:00,2824
2026-06-03 12:59:20+08:00,3234
2026-06-03 13:59:53+08:00,2500
2026-06-03 14:59:55+08:00,3213
2026-06-03 15:59:58+08:00,3737
2026-06-03 17:00:00+08:00,3400
2026-06-03 17:59:33+08:00,3095
2026-06-03 18:59:35+08:00,3052
2026-06-03 19:59:38+08:00,3368
2026-06-03 20:59:10+08:00,3954
2026-06-03 21:59:43+08:00,3244
2026-06-03 22:59:15+08:00,2841
2026-06-03 23:59:48+08:00,2825
2026-06-04 00:59:50+08:00,2902
2026-06-04 01:59:53+08:00,2634
2026-06-04 02:59:55+08:00,2185
2026-06-04 03:59:58+08:00,1507
2026-06-04 05:00:00+08:00,2180
2026-06-04 05:59:33+08:00,1891
2026-06-04 06:59:35+08:00,3098
2026-06-04 07:59:38+08:00,2560
2026-06-04 08:59:40+08:00,2214
2026-06-04 09:59:42+08:00,2194
2026-06-04 10:59:45+08:00,3208
2026-06-04 11:59:47+08:00,3124
2026-06-04 12:59:50+08:00,3366
2026-06-04 13:59:53+08:00,3000
2026-06-04 14:59:55+08:00,3344
2026-06-04 15:59:58+08:00,2809
2026-06-04 17:00:00+08:00,3046
2026-06-04 17:59:03+08:00,2697
2026-06-04 18:59:35+08:00,2837
2026-06-04 19:59:38+08:00,3390
2026-06-04 20:59:40+08:00,3385
2026-06-04 21:59:43+08:00,2981
2026-06-04 22:59:45+08:00,2609
2026-06-04 23:59:47+08:00,3187
2026-06-05 00:59:50+08:00,2951
2026-06-05 01:59:52+08:00,2586
2026-06-05 02:59:55+08:00,2468
2026-06-05 03:59:57+08:00,2306
2026-06-05 05:00:00+08:00,1819
2026-06-05 05:59:33+08:00,2763
2026-06-05 06:59:35+08:00,3048
2026-06-05 07:59:38+08:00,3018
2026-06-05 08:59:40+08:00,2570
2026-06-05 09:59:13+08:00,726
2026-06-05 10:59:45+08:00,3056
2026-06-05 11:59:48+08:00,2064
2026-06-05 12:59:50+08:00,2115
2026-06-05 13:59:53+08:00,1987
2026-06-05 14:59:55+08:00,2160
2026-06-05 15:59:58+08:00,2578
2026-06-05 16:59:01+08:00,2841
2026-06-05 17:59:33+08:00,3036
2026-06-05 18:59:36+08:00,2500
2026-06-05 19:59:38+08:00,3290
2026-06-05 20:59:40+08:00,3000
2026-06-05 21:59:43+08:00,3149
2026-06-05 22:59:45+08:00,3043
2026-06-05 23:59:48+08:00,2448
2026-06-06 00:59:50+08:00,2063
2026-06-06 01:59:52+08:00,2478
2026-06-06 02:59:25+08:00,2240
2026-06-06 03:59:58+08:00,1577
2026-06-06 05:00:00+08:00,1650
2026-06-06 05:59:33+08:00,1968
2026-06-06 06:59:35+08:00,1175
2026-06-06 07:59:38+08:00,2000
2026-06-06 08:59:40+08:00,2107
2026-06-06 09:59:43+08:00,2500
2026-06-06 10:59:45+08:00,3093
2026-06-06 11:59:48+08:00,2414
2026-06-06 12:59:51+08:00,3166
2026-06-06 13:59:53+08:00,2440
2026-06-06 14:59:56+08:00,2000
2026-06-06 15:59:58+08:00,2385
2026-06-06 16:59:31+08:00,1725
2026-06-06 17:59:33+08:00,2635
2026-06-06 18:59:36+08:00,2268
2026-06-06 19:59:38+08:00,2667
2026-06-06 20:59:41+08:00,2772
2026-06-06 21:59:43+08:00,2303
2026-06-06 22:59:46+08:00,2320
2026-06-06 23:59:18+08:00,2401
2026-06-07 00:59:51+08:00,2391
2026-06-07 01:59:53+08:00,2030
2026-06-07 02:59:56+08:00,1630
2026-06-07 03:59:58+08:00,1486
2026-06-07 04:59:31+08:00,2048
2026-06-07 05:59:33+08:00,1659
2026-06-07 06:59:36+08:00,1585
2026-06-07 07:59:38+08:00,1919
2026-06-07 08:59:41+08:00,1962
2026-06-07 09:59:44+08:00,2250
2026-06-07 10:59:46+08:00,3136
2026-06-07 11:59:48+08:00,3355
2026-06-07 12:59:51+08:00,3162
2026-06-07 13:59:53+08:00,2416
2026-06-07 14:59:56+08:00,2470
2026-06-07 15:59:59+08:00,2388
2026-06-07 16:59:31+08:00,2591
2026-06-07 17:59:34+08:00,2705
2026-06-07 18:59:06+08:00,2827
2026-06-07 19:59:39+08:00,2443
2026-06-07 20:59:41+08:00,2142
2026-06-07 21:59:43+08:00,2424
2026-06-07 22:59:46+08:00,2764
2026-06-07 23:59:19+08:00,2109
2026-06-08 00:59:51+08:00,2388
2026-06-08 01:59:53+08:00,1688
2026-06-08 02:59:56+08:00,1649
2026-06-08 03:59:58+08:00,1766
2026-06-08 04:59:31+08:00,1837
2026-06-08 05:59:33+08:00,2043
2026-06-08 06:59:06+08:00,2738
2026-06-08 07:59:08+08:00,2693
2026-06-08 08:59:41+08:00,2065
2026-06-08 09:59:43+08:00,3133
2026-06-08 10:59:46+08:00,3098
2026-06-08 11:59:48+08:00,3072
2026-06-08 12:59:51+08:00,3375
2026-06-08 13:59:53+08:00,2500
2026-06-08 14:59:55+08:00,3480
2026-06-08 15:59:58+08:00,3444
2026-06-08 16:59:01+08:00,2691
2026-06-08 17:59:03+08:00,1970
2026-06-08 18:59:06+08:00,2342
2026-06-08 19:59:38+08:00,3000
2026-06-08 20:59:11+08:00,3240
2026-06-08 21:59:43+08:00,3029
2026-06-08 22:59:46+08:00,2892
2026-06-08 23:59:48+08:00,2402
2026-06-09 00:59:51+08:00,2682
2026-06-09 01:59:53+08:00,1957
2026-06-09 02:59:56+08:00,1757
2026-06-09 03:59:58+08:00,2025
2026-06-09 05:00:00+08:00,1889
2026-06-09 05:59:33+08:00,2496
2026-06-09 06:59:35+08:00,3418
2026-06-09 07:59:38+08:00,2706
2026-06-09 08:59:40+08:00,1936
2026-06-09 09:59:13+08:00,2691
2026-06-09 10:59:45+08:00,3500
2026-06-09 11:59:18+08:00,2234
2026-06-09 12:59:20+08:00,3137
2026-06-09 13:59:23+08:00,2734
2026-06-09 14:59:25+08:00,3300
2026-06-09 15:59:28+08:00,3485
2026-06-09 17:00:00+08:00,3335
2026-06-09 17:59:33+08:00,3572
2026-06-09 18:59:05+08:00,3362
2026-06-09 19:59:08+08:00,3985
2026-06-09 20:59:40+08:00,3504
2026-06-09 21:59:43+08:00,3128
2026-06-09 22:59:45+08:00,3567
2026-06-09 23:59:47+08:00,2530
2026-06-10 00:59:50+08:00,2517
2026-06-10 01:59:53+08:00,2541
2026-06-10 02:59:55+08:00,2058
2026-06-10 03:59:28+08:00,1440
2026-06-10 05:00:00+08:00,1580
2026-06-10 05:59:33+08:00,2000
2026-06-10 06:59:36+08:00,3100
2026-06-10 07:59:38+08:00,2555
2026-06-10 08:59:41+08:00,2264
2026-06-10 09:59:43+08:00,2826
2026-06-10 10:59:45+08:00,3463
2026-06-10 11:59:18+08:00,2874
2026-06-10 12:59:50+08:00,3197
2026-06-10 13:59:53+08:00,3316
2026-06-10 14:59:55+08:00,3466
2026-06-10 15:59:58+08:00,3699
2026-06-10 17:00:00+08:00,3342
2026-06-10 17:59:03+08:00,3355
2026-06-10 18:59:35+08:00,3387
2026-06-10 19:59:38+08:00,3037
2026-06-10 20:59:11+08:00,2810
2026-06-10 21:59:13+08:00,2549
2026-06-10 22:59:16+08:00,3042
2026-06-10 23:59:48+08:00,3075
2026-06-11 00:59:51+08:00,2822
2026-06-11 01:59:23+08:00,2218
2026-06-11 02:59:26+08:00,2422
2026-06-11 03:59:59+08:00,2337
2026-06-11 04:59:31+08:00,2391
2026-06-11 05:59:34+08:00,1692
2026-06-11 06:59:36+08:00,3182
2026-06-11 07:59:39+08:00,2437
2026-06-11 08:59:41+08:00,1865
2026-06-11 09:59:44+08:00,506
2026-06-11 10:59:16+08:00,2619
2026-06-11 11:59:49+08:00,3000
2026-06-11 12:59:51+08:00,2500
2026-06-11 13:59:54+08:00,2500
2026-06-11 14:59:56+08:00,3434
2026-06-11 15:59:59+08:00,3453
2026-06-11 16:59:31+08:00,2876
2026-06-11 17:59:34+08:00,3357
2026-06-11 18:59:36+08:00,3058
2026-06-11 19:59:39+08:00,3432
2026-06-11 20:59:41+08:00,3254
2026-06-11 21:59:44+08:00,3369
2026-06-11 22:59:16+08:00,2891
2026-06-11 23:59:19+08:00,2654
2026-06-12 00:59:51+08:00,2024
2026-06-12 01:59:54+08:00,2576
2026-06-12 02:59:56+08:00,2086
2026-06-12 03:59:59+08:00,1500
2026-06-12 04:59:31+08:00,1525
2026-06-12 05:59:04+08:00,2175
2026-06-12 06:59:37+08:00,2896
2026-06-12 07:59:39+08:00,3203
2026-06-12 08:59:42+08:00,3007
2026-06-12 09:59:44+08:00,3444
2026-06-12 10:59:16+08:00,3352
2026-06-12 11:59:49+08:00,2152
2026-06-12 12:59:22+08:00,2308
2026-06-12 13:59:24+08:00,2247
2026-06-12 14:59:57+08:00,2829
2026-06-12 15:59:59+08:00,2500
2026-06-12 16:59:31+08:00,2537
2026-06-12 17:59:34+08:00,3120
2026-06-12 18:59:36+08:00,2497
2026-06-12 19:59:39+08:00,2689
2026-06-12 20:59:41+08:00,3495
2026-06-12 21:59:44+08:00,2575
2026-06-12 22:59:16+08:00,2515
2026-06-12 23:59:19+08:00,2872
2026-06-13 00:59:21+08:00,2450
2026-06-13 01:59:54+08:00,2309
2026-06-13 02:59:26+08:00,2075
2026-06-13 03:59:59+08:00,1932
2026-06-13 04:59:31+08:00,1617
2026-06-13 05:59:34+08:00,1659
2026-06-13 06:59:36+08:00,1752
2026-06-13 07:59:39+08:00,1672
2026-06-13 08:59:12+08:00,1900
2026-06-13 09:58:44+08:00,412
2026-06-13 10:59:47+08:00,447
2026-06-13 11:58:19+08:00,416
2026-06-13 12:57:22+08:00,441
2026-06-13 13:57:24+08:00,425
2026-06-13 14:59:57+08:00,406
2026-06-13 15:58:29+08:00,410
2026-06-13 16:59:02+08:00,416
2026-06-13 17:49:04+08:00,394
2026-06-13 18:55:37+08:00,416
2026-06-13 19:59:09+08:00,390
2026-06-13 20:59:12+08:00,412
2026-06-13 21:59:45+08:00,1697
2026-06-13 22:59:47+08:00,2818
2026-06-13 23:59:50+08:00,2669
2026-06-14 00:59:52+08:00,2437
2026-06-14 01:59:54+08:00,2614
2026-06-14 02:59:27+08:00,2252
2026-06-14 04:00:00+08:00,2178
2026-06-14 04:59:02+08:00,1531
2026-06-14 05:59:35+08:00,1345
2026-06-14 06:59:07+08:00,1276
2026-06-14 07:59:40+08:00,1361
2026-06-14 08:59:43+08:00,1500
2026-06-14 09:59:45+08:00,2058
2026-06-14 10:59:18+08:00,2122
2026-06-14 11:59:51+08:00,2276
2026-06-14 12:59:53+08:00,2825
2026-06-14 13:59:56+08:00,2063
2026-06-14 14:59:28+08:00,1840
2026-06-14 15:59:01+08:00,2306
2026-06-14 16:59:03+08:00,2528
2026-06-14 17:59:36+08:00,2793
2026-06-14 18:59:38+08:00,3000
2026-06-14 19:59:41+08:00,2500
2026-06-14 20:59:13+08:00,2450
2026-06-14 21:59:46+08:00,2170
2026-06-14 22:59:18+08:00,2175
2026-06-14 23:59:51+08:00,2496
2026-06-15 00:59:53+08:00,1901
2026-06-15 01:59:56+08:00,1708
2026-06-15 02:59:58+08:00,1760
2026-06-15 03:59:31+08:00,1239
2026-06-15 04:59:33+08:00,2106
2026-06-15 05:59:36+08:00,1850
2026-06-15 06:59:38+08:00,2145
2026-06-15 07:59:41+08:00,2370
2026-06-15 08:59:44+08:00,2460
2026-06-15 09:59:46+08:00,2893
2026-06-15 10:59:49+08:00,3151
2026-06-15 11:59:51+08:00,2641
2026-06-15 12:59:54+08:00,2811
2026-06-15 13:59:56+08:00,2572
2026-06-15 14:59:59+08:00,3000
2026-06-15 15:59:31+08:00,3500
2026-06-15 16:59:04+08:00,2732
2026-06-15 17:59:36+08:00,3239
2026-06-15 18:59:39+08:00,2820
2026-06-15 19:59:41+08:00,2853
2026-06-15 20:59:44+08:00,2564
2026-06-15 21:59:46+08:00,2893
2026-06-15 22:59:48+08:00,2685
2026-06-15 23:59:21+08:00,2756
2026-06-16 00:59:23+08:00,2260
2026-06-16 01:59:56+08:00,1793
2026-06-16 02:59:58+08:00,1932
2026-06-16 03:59:31+08:00,1946
2026-06-16 04:59:34+08:00,2046
2026-06-16 05:59:06+08:00,1826
2026-06-16 06:59:39+08:00,2987
2026-06-16 07:59:41+08:00,2858
2026-06-16 08:59:44+08:00,2505
2026-06-16 09:59:46+08:00,2895
2026-06-16 10:59:49+08:00,3129
2026-06-16 11:59:21+08:00,3258
2026-06-16 12:59:54+08:00,3663
2026-06-16 13:59:26+08:00,3060
2026-06-16 14:59:58+08:00,2939
2026-06-16 15:59:31+08:00,2568
2026-06-16 16:59:33+08:00,2560
2026-06-16 17:59:35+08:00,2549
2026-06-16 18:59:38+08:00,2613
2026-06-16 19:59:41+08:00,3063
2026-06-16 20:59:43+08:00,2777
2026-06-16 21:59:46+08:00,2915
2026-06-16 22:59:18+08:00,2784
2026-06-16 23:59:51+08:00,2418
2026-06-17 00:59:53+08:00,2115
2026-06-17 01:59:55+08:00,1998
2026-06-17 02:59:58+08:00,2366
2026-06-17 04:00:00+08:00,2206
2026-06-17 04:59:33+08:00,2391
2026-06-17 05:59:35+08:00,2155
2026-06-17 06:59:38+08:00,2952
2026-06-17 07:59:41+08:00,2922
2026-06-17 08:59:43+08:00,2596
2026-06-17 09:59:45+08:00,2386
2026-06-17 10:59:48+08:00,3435
2026-06-17 11:59:20+08:00,2860
2026-06-17 12:59:23+08:00,2984
2026-06-17 13:59:26+08:00,2614
2026-06-17 14:59:58+08:00,3847
2026-06-17 16:00:00+08:00,3520
2026-06-17 16:59:33+08:00,3105
2026-06-17 17:59:35+08:00,2412
2026-06-17 18:59:38+08:00,3154
2026-06-17 19:59:40+08:00,3487
2026-06-17 20:59:43+08:00,3485
2026-06-17 21:59:46+08:00,2914
2026-06-17 22:59:48+08:00,3306
2026-06-17 23:59:51+08:00,3000
2026-06-18 00:59:53+08:00,2424
2026-06-18 01:59:25+08:00,2734
2026-06-18 02:59:58+08:00,2356
2026-06-18 03:59:31+08:00,2193
2026-06-18 04:59:33+08:00,2273
2026-06-18 05:59:06+08:00,2035
2026-06-18 06:59:08+08:00,2934
2026-06-18 07:59:41+08:00,2871
2026-06-18 08:59:43+08:00,2207
2026-06-18 09:59:46+08:00,2845
2026-06-18 10:59:18+08:00,2978
2026-06-18 11:59:51+08:00,2383
2026-06-18 12:59:53+08:00,2684
2026-06-18 13:59:55+08:00,2561
2026-06-18 14:59:58+08:00,3326
2026-06-18 16:00:00+08:00,3199
2026-06-18 16:59:03+08:00,2370
2026-06-18 17:59:36+08:00,2593
2026-06-18 18:59:38+08:00,2666
2026-06-18 19:59:40+08:00,2817
2026-06-18 20:59:43+08:00,3384
2026-06-18 21:59:15+08:00,2596
2026-06-18 22:59:48+08:00,3285
2026-06-18 23:59:50+08:00,3080
2026-06-19 00:59:53+08:00,2766
2026-06-19 01:59:25+08:00,2132
2026-06-19 02:59:58+08:00,2123
2026-06-19 03:59:31+08:00,2213
2026-06-19 04:59:33+08:00,1514
2026-06-19 05:59:36+08:00,1738
2026-06-19 06:59:38+08:00,2643
2026-06-19 07:59:41+08:00,2467
2026-06-19 08:59:43+08:00,2795
2026-06-19 09:59:16+08:00,2738
2026-06-19 10:59:48+08:00,2487
2026-06-19 11:59:51+08:00,2201
2026-06-19 12:59:53+08:00,2000
2026-06-19 13:59:26+08:00,1811
2026-06-19 14:59:58+08:00,2664
2026-06-19 15:59:31+08:00,2369
2026-06-19 16:59:33+08:00,2695
2026-06-19 17:59:36+08:00,2318
2026-06-19 18:59:38+08:00,2241
2026-06-19 19:59:41+08:00,2746
2026-06-19 20:59:43+08:00,3568
2026-06-19 21:59:15+08:00,2458
2026-06-19 22:59:48+08:00,2615
2026-06-19 23:59:50+08:00,2224
2026-06-20 00:59:53+08:00,2152
2026-06-20 01:59:55+08:00,1926
2026-06-20 02:59:58+08:00,1769
2026-06-20 03:59:31+08:00,1509
2026-06-20 04:59:33+08:00,1971
2026-06-20 05:59:06+08:00,1813
2026-06-20 06:59:38+08:00,1282
2026-06-20 07:59:41+08:00,1840
2026-06-20 08:59:43+08:00,2156
2026-06-20 09:59:46+08:00,1848
2026-06-20 10:59:49+08:00,2487
2026-06-20 11:59:51+08:00,2822
2026-06-20 12:59:54+08:00,3389
2026-06-20 13:59:56+08:00,2512
2026-06-20 14:59:59+08:00,2540
2026-06-20 15:59:31+08:00,2500
2026-06-20 16:59:34+08:00,2459
2026-06-20 17:59:36+08:00,2574
2026-06-20 18:59:39+08:00,2512
2026-06-20 19:59:41+08:00,2072
2026-06-20 20:59:44+08:00,2492
2026-06-20 21:59:46+08:00,2166
2026-06-20 22:59:49+08:00,2623
2026-06-20 23:59:51+08:00,1785
2026-06-21 00:59:54+08:00,1649
2026-06-21 01:59:57+08:00,2301
2026-06-21 02:59:59+08:00,2144
2026-06-21 03:59:32+08:00,1865
2026-06-21 04:59:04+08:00,1696
2026-06-21 05:59:37+08:00,1787
2026-06-21 06:59:09+08:00,1694
2026-06-21 07:59:42+08:00,1948
2026-06-21 08:59:44+08:00,1673
2026-06-21 09:59:47+08:00,1866
2026-06-21 10:59:50+08:00,2607
2026-06-21 11:59:52+08:00,2581
2026-06-21 12:59:55+08:00,2767
2026-06-21 13:59:57+08:00,1874
2026-06-21 15:00:00+08:00,2297
2026-06-21 15:59:32+08:00,2000
2026-06-21 16:59:35+08:00,2248
2026-06-21 17:59:37+08:00,1874
2026-06-21 18:59:10+08:00,2549
2026-06-21 19:59:42+08:00,1316
2026-06-21 20:59:45+08:00,1500
2026-06-21 21:59:48+08:00,2043
2026-06-21 22:59:50+08:00,1925
2026-06-21 23:59:53+08:00,2283
2026-06-22 00:59:55+08:00,1974
2026-06-22 01:59:58+08:00,2122
2026-06-22 02:59:30+08:00,1388
2026-06-22 03:59:33+08:00,1350
2026-06-22 04:59:05+08:00,2108
2026-06-22 05:59:38+08:00,1800
2026-06-22 06:59:40+08:00,2602
2026-06-22 07:59:43+08:00,2354
2026-06-22 08:59:45+08:00,2249
2026-06-22 09:59:48+08:00,2280
2026-06-22 10:59:50+08:00,2889
2026-06-22 11:59:53+08:00,2723
2026-06-22 12:59:55+08:00,2883
2026-06-22 13:59:27+08:00,2500
2026-06-22 15:00:00+08:00,2843
2026-06-22 15:59:32+08:00,2952
2026-06-22 16:59:35+08:00,2649
2026-06-22 17:59:37+08:00,2908
2026-06-22 18:59:40+08:00,3310
2026-06-22 19:59:42+08:00,2847
2026-06-22 20:59:45+08:00,3000
2026-06-22 21:59:47+08:00,3043
2026-06-22 22:59:50+08:00,2692
2026-06-22 23:59:52+08:00,2897
2026-06-23 00:59:55+08:00,2621
2026-06-23 01:59:57+08:00,2399
2026-06-23 03:00:00+08:00,2231
2026-06-23 03:59:32+08:00,1602
2026-06-23 04:59:35+08:00,2311
2026-06-23 05:59:38+08:00,2105
2026-06-23 06:59:40+08:00,3132
2026-06-23 07:59:43+08:00,2226
2026-06-23 08:59:45+08:00,2474
2026-06-23 09:59:47+08:00,2655
2026-06-23 10:59:50+08:00,3247
2026-06-23 11:59:52+08:00,2751
2026-06-23 12:59:55+08:00,3289
2026-06-23 13:59:58+08:00,2500
2026-06-23 15:00:00+08:00,2737
2026-06-23 15:59:32+08:00,2742
2026-06-23 16:59:35+08:00,2795
2026-06-23 17:59:37+08:00,2798
2026-06-23 18:59:40+08:00,2839
2026-06-23 19:59:42+08:00,3029
2026-06-23 20:59:45+08:00,2982
2026-06-23 21:59:47+08:00,3226
2026-06-23 22:59:50+08:00,3481
2026-06-23 23:59:52+08:00,2831
2026-06-24 00:59:55+08:00,2329
2026-06-24 01:59:57+08:00,2416
2026-06-24 02:59:30+08:00,1830
2026-06-24 03:59:32+08:00,2366
2026-06-24 04:59:35+08:00,2199
2026-06-24 05:59:37+08:00,2000
2026-06-24 06:59:40+08:00,2931
2026-06-24 07:59:43+08:00,2112
2026-06-24 08:59:45+08:00,2317
2026-06-24 09:59:48+08:00,3045
2026-06-24 10:59:50+08:00,3161
2026-06-24 11:59:53+08:00,3000
2026-06-24 12:59:55+08:00,2515
2026-06-24 13:59:58+08:00,2239
2026-06-24 14:59:30+08:00,2883
2026-06-24 15:59:33+08:00,3039
2026-06-24 16:59:35+08:00,2854
2026-06-24 17:59:08+08:00,2844
2026-06-24 18:59:40+08:00,2486
2026-06-24 19:59:43+08:00,3284
2026-06-24 20:59:15+08:00,3189
2026-06-24 21:59:48+08:00,2437
2026-06-24 22:59:50+08:00,3448
2026-06-24 23:59:23+08:00,2000
2026-06-25 00:59:55+08:00,2038
2026-06-25 01:59:58+08:00,2585
2026-06-25 03:00:00+08:00,2110
2026-06-25 03:59:33+08:00,2051
2026-06-25 04:59:05+08:00,1582
2026-06-25 05:59:38+08:00,1722
2026-06-25 06:59:40+08:00,2377
2026-06-25 07:59:43+08:00,2539
2026-06-25 08:59:45+08:00,2440
2026-06-25 09:59:48+08:00,2889
2026-06-25 10:59:50+08:00,3093
2026-06-25 11:59:23+08:00,2893
2026-06-25 12:59:55+08:00,3535
2026-06-25 13:59:58+08:00,2280
2026-06-25 15:00:00+08:00,3679
2026-06-25 15:59:03+08:00,3262
2026-06-25 16:59:05+08:00,2435
2026-06-25 17:59:38+08:00,2538
2026-06-25 18:59:10+08:00,2945
2026-06-25 19:59:13+08:00,3212
2026-06-25 20:59:45+08:00,2466
2026-06-25 21:59:48+08:00,2862
2026-06-25 22:59:50+08:00,3202
2026-06-25 23:59:22+08:00,2274
2026-06-26 00:59:25+08:00,2075
2026-06-26 01:59:28+08:00,2541
2026-06-26 02:59:30+08:00,1579
2026-06-26 03:59:33+08:00,1692
2026-06-26 04:59:35+08:00,2199
2026-06-26 05:59:38+08:00,2283
2026-06-26 06:59:11+08:00,2438
2026-06-26 07:59:13+08:00,2655
2026-06-26 08:59:15+08:00,2883
2026-06-26 09:59:48+08:00,2888
2026-06-26 10:59:50+08:00,3000
2026-06-26 11:59:53+08:00,2000
2026-06-26 12:59:55+08:00,2611
2026-06-26 13:59:58+08:00,2381
2026-06-26 14:59:30+08:00,2154
2026-06-26 15:59:03+08:00,2067
2026-06-26 16:59:05+08:00,1963
2026-06-26 17:59:38+08:00,2023
2026-06-26 18:59:40+08:00,1953
2026-06-26 19:59:13+08:00,2537
2026-06-26 20:59:45+08:00,3287
2026-06-26 21:59:17+08:00,2438
2026-06-26 22:59:50+08:00,2877
2026-06-26 23:59:53+08:00,2376
2026-06-27 00:59:55+08:00,2000
2026-06-27 01:59:58+08:00,2366
2026-06-27 03:00:00+08:00,2168
2026-06-27 03:59:33+08:00,1576
2026-06-27 04:59:05+08:00,2026
2026-06-27 05:59:38+08:00,2118
2026-06-27 06:59:40+08:00,1500
2026-06-27 07:59:43+08:00,1614
2026-06-27 08:59:15+08:00,2071
2026-06-27 09:59:48+08:00,2444
2026-06-27 10:59:50+08:00,2296
2026-06-27 11:59:23+08:00,2308
2026-06-27 12:59:25+08:00,2242
2026-06-27 13:59:58+08:00,2268
2026-06-27 14:59:30+08:00,1978
2026-06-27 15:59:03+08:00,1590
2026-06-27 16:58:35+08:00,1975
2026-06-27 17:59:38+08:00,2006
2026-06-27 18:59:10+08:00,2124
2026-06-27 19:59:43+08:00,2277
2026-06-27 20:59:46+08:00,1896
2026-06-27 21:59:48+08:00,2121
2026-06-27 22:59:51+08:00,1819
2026-06-27 23:59:23+08:00,1888
2026-06-28 00:59:56+08:00,2073
2026-06-28 01:59:28+08:00,1825
2026-06-28 02:59:31+08:00,1623
2026-06-28 03:59:04+08:00,1900
2026-06-28 04:59:36+08:00,1796
2026-06-28 05:59:39+08:00,1252
2026-06-28 06:59:12+08:00,1148
2026-06-28 07:59:44+08:00,1500
2026-06-28 08:59:47+08:00,1356
2026-06-28 09:59:49+08:00,2021
2026-06-28 10:59:52+08:00,2295
2026-06-28 11:59:54+08:00,2237
2026-06-28 12:59:27+08:00,2278
2026-06-28 13:59:59+08:00,2500
2026-06-28 14:59:02+08:00,2277
2026-06-28 15:59:34+08:00,1815
2026-06-28 16:59:07+08:00,2550
2026-06-28 17:59:09+08:00,2623
2026-06-28 18:59:12+08:00,2556
2026-06-28 19:59:44+08:00,2500
2026-06-28 20:59:47+08:00,2380
2026-06-28 21:59:49+08:00,2604
2026-06-28 22:59:52+08:00,2865
2026-06-28 23:59:54+08:00,2557
2026-06-29 00:59:57+08:00,2500
2026-06-29 01:59:29+08:00,1702
2026-06-29 02:59:32+08:00,1412
2026-06-29 03:59:35+08:00,1912
2026-06-29 04:59:37+08:00,1493
2026-06-29 05:59:10+08:00,1651
2026-06-29 06:59:42+08:00,1485
2026-06-29 07:59:45+08:00,1919
2026-06-29 08:59:17+08:00,2732
2026-06-29 09:59:20+08:00,2893
2026-06-29 10:59:22+08:00,2905
2026-06-29 11:59:55+08:00,3000
2026-06-29 12:59:57+08:00,3500
2026-06-29 14:00:00+08:00,2661
2026-06-29 14:59:02+08:00,3527
2026-06-29 15:59:35+08:00,2962
2026-06-29 16:59:07+08:00,3385
2026-06-29 17:59:09+08:00,2938
2026-06-29 18:59:12+08:00,3235
2026-06-29 19:59:14+08:00,3388
2026-06-29 20:59:47+08:00,2842
2026-06-29 21:59:49+08:00,2983
2026-06-29 22:59:22+08:00,2481
2026-06-29 23:59:24+08:00,2781
2026-06-30 00:59:57+08:00,2249
2026-06-30 01:59:29+08:00,2301
2026-06-30 02:59:02+08:00,1887
2026-06-30 03:59:35+08:00,1736
2026-06-30 04:59:37+08:00,1452
2026-06-30 05:59:10+08:00,1545
2026-06-30 06:59:42+08:00,2120
2026-06-30 07:59:45+08:00,2334
2026-06-30 08:59:17+08:00,2443
2026-06-30 09:59:50+08:00,3243
2026-06-30 10:59:52+08:00,3180
2026-06-30 11:59:24+08:00,3492
2026-06-30 12:59:56+08:00,4032
2026-06-30 13:59:29+08:00,2369
2026-06-30 14:59:31+08:00,2705
2026-06-30 15:59:03+08:00,3529
2026-06-30 16:59:06+08:00,3266
2026-06-30 17:59:08+08:00,2476
2026-06-30 18:59:11+08:00,2294
2026-06-30 19:59:43+08:00,2779
2026-06-30 20:59:46+08:00,3246
2026-06-30 21:59:48+08:00,2393
2026-06-30 22:59:51+08:00,2478
2026-06-30 23:59:23+08:00,2843
2026-07-01 00:59:56+08:00,1821
2026-07-01 01:59:28+08:00,1878
2026-07-01 02:59:01+08:00,1537
2026-07-01 03:59:34+08:00,2053
2026-07-01 04:59:36+08:00,2177
2026-07-01 05:59:09+08:00,2428
2026-07-01 06:59:12+08:00,1901
2026-07-01 07:59:44+08:00,2514
2026-07-01 08:59:16+08:00,2788
2026-07-01 09:59:19+08:00,2867
2026-07-01 10:59:52+08:00,2762
2026-07-01 11:59:24+08:00,2858
2026-07-01 12:59:57+08:00,2732
2026-07-01 13:59:59+08:00,1911
2026-07-01 14:59:31+08:00,3092
2026-07-01 15:59:04+08:00,3186
2026-07-01 16:59:36+08:00,2984
2026-07-01 17:59:39+08:00,2536
2026-07-01 18:58:41+08:00,2228
2026-07-01 19:59:14+08:00,3273
2026-07-01 20:59:46+08:00,2772
2026-07-01 21:59:19+08:00,2408
2026-07-01 22:59:51+08:00,2705
2026-07-01 23:59:54+08:00,2446
2026-07-02 00:59:26+08:00,1876
2026-07-02 01:59:59+08:00,2733
2026-07-02 02:59:31+08:00,2000
2026-07-02 03:59:04+08:00,1648
2026-07-02 04:59:36+08:00,2235
2026-07-02 05:59:39+08:00,2352
2026-07-02 06:59:12+08:00,2361
2026-07-02 07:59:44+08:00,2230
2026-07-02 08:59:47+08:00,2290
2026-07-02 09:59:49+08:00,2540
2026-07-02 10:59:52+08:00,3572
2026-07-02 11:59:24+08:00,2572
2026-07-02 12:59:57+08:00,3552
2026-07-02 13:59:59+08:00,2458
2026-07-02 14:59:32+08:00,2786
2026-07-02 15:59:04+08:00,3169
2026-07-02 16:59:37+08:00,3015
2026-07-02 17:59:39+08:00,3051
2026-07-02 18:59:42+08:00,2399
2026-07-02 19:59:14+08:00,3295
2026-07-02 20:59:17+08:00,3200
2026-07-02 21:59:19+08:00,2846
2026-07-02 22:59:52+08:00,3295
2026-07-02 23:59:24+08:00,2667
2026-07-03 00:59:57+08:00,2428
2026-07-03 01:59:29+08:00,2823
2026-07-03 02:59:32+08:00,2211
2026-07-03 03:59:34+08:00,2421
2026-07-03 04:59:07+08:00,2469
2026-07-03 05:59:39+08:00,2171
2026-07-03 06:59:12+08:00,1921
2026-07-03 07:59:14+08:00,2464
2026-07-03 08:59:17+08:00,3281
2026-07-03 09:59:19+08:00,3406
2026-07-03 10:59:52+08:00,3222
2026-07-03 11:59:54+08:00,2367
2026-07-03 12:59:56+08:00,2037
2026-07-03 13:59:29+08:00,2098
2026-07-03 14:59:02+08:00,2183
2026-07-03 15:59:04+08:00,2103
2026-07-03 16:59:37+08:00,2038
2026-07-03 17:59:39+08:00,2485
2026-07-03 18:59:41+08:00,2266
2026-07-03 19:59:44+08:00,3095
2026-07-03 20:59:47+08:00,3669
2026-07-03 21:59:49+08:00,3079
2026-07-03 22:59:22+08:00,2500
2026-07-03 23:59:54+08:00,2662
2026-07-04 00:59:57+08:00,2600
2026-07-04 01:59:59+08:00,2095
2026-07-04 02:59:02+08:00,1681
2026-07-04 03:59:34+08:00,1678
2026-07-04 04:59:37+08:00,2059
2026-07-04 05:59:09+08:00,2000
2026-07-04 06:59:42+08:00,1726
2026-07-04 07:59:44+08:00,1355
2026-07-04 08:59:47+08:00,1701
2026-07-04 09:59:20+08:00,1808
2026-07-04 10:59:22+08:00,2441
2026-07-04 11:59:25+08:00,2350
2026-07-04 12:59:57+08:00,2285
2026-07-04 14:00:00+08:00,2713
2026-07-04 14:59:03+08:00,2396
2026-07-04 15:59:35+08:00,2204
2026-07-04 16:59:08+08:00,1818
2026-07-04 17:59:40+08:00,1782
2026-07-04 18:59:43+08:00,2000
2026-07-04 19:59:46+08:00,2920
2026-07-04 20:59:48+08:00,2639
2026-07-04 21:59:50+08:00,1918
2026-07-04 22:59:53+08:00,2303
2026-07-04 23:59:55+08:00,2549
2026-07-05 00:59:28+08:00,2276
2026-07-05 02:00:00+08:00,2261
2026-07-05 02:59:03+08:00,1710
2026-07-05 03:59:06+08:00,1414
2026-07-05 04:59:38+08:00,1844
2026-07-05 05:59:41+08:00,1150
2026-07-05 06:59:43+08:00,800
2026-07-05 07:59:46+08:00,1327
2026-07-05 08:59:48+08:00,1923
2026-07-05 09:59:21+08:00,2391
2026-07-05 10:59:53+08:00,2558
2026-07-05 11:59:26+08:00,2958
2026-07-05 12:59:58+08:00,2823
2026-07-05 13:59:31+08:00,2367
2026-07-05 14:59:03+08:00,2234
2026-07-05 15:59:36+08:00,2000
2026-07-05 16:59:38+08:00,2000
2026-07-05 17:59:41+08:00,2898
2026-07-05 18:59:13+08:00,2796
2026-07-05 19:59:46+08:00,2000
2026-07-05 20:59:18+08:00,1804
2026-07-05 21:59:51+08:00,1859
2026-07-05 22:59:23+08:00,2049
2026-07-05 23:59:56+08:00,1982
2026-07-06 00:59:58+08:00,2088
2026-07-06 01:59:31+08:00,2179
2026-07-06 02:59:03+08:00,1872
2026-07-06 03:59:36+08:00,1500
2026-07-06 04:59:38+08:00,1924
2026-07-06 05:59:11+08:00,2463
2026-07-06 06:59:13+08:00,3399
2026-07-06 07:59:16+08:00,2635
2026-07-06 08:59:18+08:00,2040
2026-07-06 09:59:21+08:00,2497
2026-07-06 10:59:23+08:00,2657
2026-07-06 11:59:56+08:00,2728
2026-07-06 12:59:58+08:00,2890
2026-07-06 13:59:01+08:00,2470
2026-07-06 14:59:03+08:00,3159
2026-07-06 15:59:06+08:00,3104
2026-07-06 16:59:09+08:00,3111
2026-07-06 17:59:41+08:00,2763
2026-07-06 18:59:44+08:00,2486
2026-07-06 19:59:46+08:00,2422
2026-07-06 20:59:19+08:00,3063
2026-07-06 21:59:21+08:00,2909
2026-07-06 22:59:24+08:00,3178
2026-07-06 23:59:26+08:00,3009
2026-07-07 00:59:59+08:00,1961
2026-07-07 01:59:31+08:00,1776
2026-07-07 02:59:34+08:00,1352
2026-07-07 03:59:36+08:00,1500
2026-07-07 04:59:39+08:00,2026
2026-07-07 05:59:41+08:00,1579
2026-07-07 06:59:44+08:00,2005
2026-07-07 07:59:47+08:00,1981
2026-07-07 08:59:49+08:00,1375
2026-07-07 09:59:22+08:00,1969
2026-07-07 10:59:24+08:00,2776
2026-07-07 11:59:27+08:00,3432
2026-07-07 12:59:59+08:00,3375
2026-07-07 13:59:32+08:00,2807
2026-07-07 14:59:04+08:00,3173
2026-07-07 15:59:37+08:00,3341
2026-07-07 16:59:39+08:00,3436
2026-07-07 17:59:12+08:00,3314
2026-07-07 18:59:44+08:00,3257
2026-07-07 19:59:47+08:00,3000
2026-07-07 20:59:49+08:00,3695
2026-07-07 21:59:52+08:00,3351
2026-07-07 22:59:54+08:00,2872
2026-07-07 23:59:27+08:00,2632
2026-07-08 00:59:59+08:00,2693
2026-07-08 01:59:02+08:00,2538
2026-07-08 02:59:34+08:00,2000
2026-07-08 03:59:37+08:00,1639
2026-07-08 04:59:39+08:00,2100
2026-07-08 05:59:12+08:00,1935
2026-07-08 06:59:44+08:00,1946
2026-07-08 07:59:17+08:00,1799
2026-07-08 08:59:50+08:00,1560
2026-07-08 09:59:22+08:00,2368
2026-07-08 10:59:55+08:00,2834
2026-07-08 11:59:57+08:00,2840
2026-07-08 13:00:00+08:00,2984
2026-07-08 13:59:02+08:00,1957
2026-07-08 14:59:05+08:00,2706
2026-07-08 15:59:37+08:00,3633
2026-07-08 16:59:10+08:00,2184
2026-07-08 17:59:12+08:00,2482
2026-07-08 18:59:15+08:00,2759
2026-07-08 19:59:47+08:00,2974
2026-07-08 20:59:20+08:00,2567
2026-07-08 21:59:52+08:00,2829
2026-07-08 22:59:54+08:00,3072
2026-07-08 23:59:56+08:00,2269
2026-07-09 00:59:59+08:00,2487
2026-07-09 01:59:31+08:00,2043
2026-07-09 02:59:34+08:00,2240
2026-07-09 03:59:36+08:00,2048
2026-07-09 04:59:09+08:00,1598
2026-07-09 05:59:41+08:00,1627
2026-07-09 06:59:44+08:00,1667
2026-07-09 07:59:47+08:00,2534
2026-07-09 08:59:19+08:00,1500
2026-07-09 09:59:21+08:00,1567
2026-07-09 10:59:24+08:00,3286
2026-07-09 11:59:26+08:00,3099
2026-07-09 12:59:59+08:00,2973
2026-07-09 13:59:31+08:00,1927
2026-07-09 14:59:33+08:00,2816
2026-07-09 15:59:35+08:00,2614
2026-07-09 16:59:38+08:00,2500
2026-07-09 17:59:11+08:00,2500
2026-07-09 18:59:13+08:00,2179
2026-07-09 19:59:45+08:00,2724
2026-07-09 20:59:18+08:00,2897
2026-07-09 21:59:51+08:00,2532
2026-07-09 22:59:53+08:00,2666
2026-07-09 23:59:56+08:00,2630
2026-07-10 00:59:28+08:00,2980
2026-07-10 01:59:31+08:00,2732
2026-07-10 02:59:03+08:00,2296
2026-07-10 03:59:36+08:00,2272
2026-07-10 04:59:38+08:00,2341
2026-07-10 05:59:41+08:00,2249
2026-07-10 06:59:13+08:00,2214
2026-07-10 07:59:45+08:00,2861
2026-07-10 08:59:48+08:00,1018
2026-07-10 09:59:51+08:00,2000
2026-07-10 10:59:53+08:00,2581
2026-07-10 11:59:55+08:00,1335
2026-07-10 12:59:58+08:00,2396
2026-07-10 14:00:00+08:00,1515
2026-07-10 14:59:33+08:00,2396
2026-07-10 15:59:35+08:00,2474
2026-07-10 16:59:07+08:00,644
2026-07-10 17:59:40+08:00,1303
2026-07-10 18:59:42+08:00,1979
2026-07-10 19:59:44+08:00,3416
2026-07-10 20:59:47+08:00,3472
2026-07-10 21:59:20+08:00,2929
2026-07-10 22:59:22+08:00,3114
2026-07-10 23:59:24+08:00,2378
2026-07-11 00:59:57+08:00,2526
2026-07-11 02:00:00+08:00,2650
2026-07-11 02:59:32+08:00,2092
2026-07-11 03:59:35+08:00,1994
2026-07-11 04:59:37+08:00,2116
2026-07-11 05:59:40+08:00,1600
2026-07-11 06:59:42+08:00,1281
2026-07-11 07:59:45+08:00,1839
2026-07-11 08:59:47+08:00,1575
2026-07-11 09:59:50+08:00,2000
2026-07-11 10:59:53+08:00,2094
2026-07-11 11:59:55+08:00,2647
2026-07-11 12:59:58+08:00,2732
2026-07-11 13:59:30+08:00,2442
2026-07-11 14:59:33+08:00,1920
2026-07-11 15:59:05+08:00,1976
2026-07-11 16:59:38+08:00,1931
2026-07-11 17:59:40+08:00,1966
2026-07-11 18:59:13+08:00,2408
2026-07-11 19:59:15+08:00,2776
2026-07-11 20:59:48+08:00,2743
2026-07-11 21:59:50+08:00,2382
2026-07-11 22:59:52+08:00,2569
2026-07-11 23:59:25+08:00,2605
2026-07-12 00:59:57+08:00,2204
2026-07-12 02:00:00+08:00,1885
2026-07-12 02:59:32+08:00,1657
2026-07-12 03:59:35+08:00,1908
2026-07-12 04:59:37+08:00,1355
2026-07-12 05:59:40+08:00,1121
2026-07-12 06:59:42+08:00,1075
2026-07-12 07:59:45+08:00,1585
2026-07-12 08:59:18+08:00,1567
2026-07-12 09:59:50+08:00,1442
2026-07-12 10:59:52+08:00,2661
2026-07-12 11:59:55+08:00,2101
2026-07-12 12:59:58+08:00,2267
2026-07-12 13:59:30+08:00,2026
2026-07-12 14:59:32+08:00,2392
2026-07-12 15:59:05+08:00,1823
2026-07-12 16:59:37+08:00,2090
2026-07-12 17:59:40+08:00,2000
2026-07-12 18:59:42+08:00,2152
2026-07-12 19:59:45+08:00,2000
2026-07-12 20:59:47+08:00,1981
2026-07-12 21:59:20+08:00,2195
2026-07-12 22:59:22+08:00,2584
2026-07-12 23:59:25+08:00,2361
2026-07-13 00:59:57+08:00,2343
2026-07-13 02:00:00+08:00,2000
2026-07-13 02:59:32+08:00,1500
2026-07-13 03:59:35+08:00,1872
2026-07-13 04:59:37+08:00,1482
2026-07-13 05:59:40+08:00,2072
2026-07-13 06:59:43+08:00,1801
2026-07-13 07:59:45+08:00,2111
2026-07-13 08:59:48+08:00,2006
2026-07-13 09:59:50+08:00,2406
2026-07-13 10:59:53+08:00,3429
2026-07-13 11:58:55+08:00,3049
2026-07-13 12:59:58+08:00,3243
2026-07-13 13:59:30+08:00,2153
2026-07-13 14:59:33+08:00,2868
2026-07-13 15:59:35+08:00,2802
2026-07-13 16:59:37+08:00,2482
2026-07-13 17:59:40+08:00,2805
2026-07-13 18:59:42+08:00,2834
2026-07-13 19:59:45+08:00,3294
2026-07-13 20:59:47+08:00,2942
2026-07-13 21:59:50+08:00,3319
2026-07-13 22:59:22+08:00,2901
2026-07-13 23:59:55+08:00,3150
2026-07-14 00:59:57+08:00,2705
2026-07-14 01:59:30+08:00,2062
2026-07-14 02:59:32+08:00,2055
2026-07-14 03:59:35+08:00,2181
2026-07-14 04:59:37+08:00,2081
2026-07-14 05:59:40+08:00,2217
2026-07-14 06:59:43+08:00,1878
2026-07-14 07:59:15+08:00,2367
2026-07-14 08:59:17+08:00,1113
2026-07-14 09:59:50+08:00,2434
2026-07-14 10:59:53+08:00,3000
2026-07-14 11:59:55+08:00,2480
2026-07-14 12:59:58+08:00,2995
2026-07-14 14:00:00+08:00,2345
2026-07-14 14:59:03+08:00,2904
2026-07-14 15:59:35+08:00,3010
2026-07-14 16:59:08+08:00,2841
2026-07-14 17:59:40+08:00,2741
2026-07-14 18:59:43+08:00,2793
2026-07-14 19:59:15+08:00,3037
2026-07-14 20:59:18+08:00,3258
2026-07-14 21:59:50+08:00,3330
2026-07-14 22:59:53+08:00,3321
2026-07-14 23:59:55+08:00,2597
2026-07-15 00:59:28+08:00,2268
2026-07-15 01:59:30+08:00,1946
2026-07-15 02:59:33+08:00,1329
2026-07-15 03:59:05+08:00,537
2026-07-15 04:59:38+08:00,2024
2026-07-15 05:59:40+08:00,2024
2026-07-15 06:59:43+08:00,2333
2026-07-15 07:59:16+08:00,2589
2026-07-15 08:59:48+08:00,2431
2026-07-15 09:59:51+08:00,3117
2026-07-15 10:59:23+08:00,3128
2026-07-15 11:59:56+08:00,2840
2026-07-15 12:59:58+08:00,2898
2026-07-15 13:59:31+08:00,2157
2026-07-15 14:59:04+08:00,3168
2026-07-15 15:59:36+08:00,3106
2026-07-15 16:59:39+08:00,3000
2026-07-15 17:59:11+08:00,2494
2026-07-15 18:59:44+08:00,2183
2026-07-15 19:59:16+08:00,3364
2026-07-15 20:59:19+08:00,2851
2026-07-15 21:59:51+08:00,3281
2026-07-15 22:59:24+08:00,3533
2026-07-15 23:59:56+08:00,2609
2026-07-16 00:59:59+08:00,2669
2026-07-16 01:59:31+08:00,2480
2026-07-16 02:59:33+08:00,1963
2026-07-16 03:59:36+08:00,1308
2026-07-16 04:59:08+08:00,1932
2026-07-16 05:59:41+08:00,1429
2026-07-16 06:59:44+08:00,1699
2026-07-16 07:59:46+08:00,2127
2026-07-16 08:59:49+08:00,2524
2026-07-16 09:59:51+08:00,2845
2026-07-16 10:59:54+08:00,2598
2026-07-16 11:59:56+08:00,2875
2026-07-16 12:59:58+08:00,3055
2026-07-16 14:00:00+08:00,1928
2026-07-16 14:59:33+08:00,3291
2026-07-16 15:59:35+08:00,3000
2026-07-16 16:59:08+08:00,2242
2026-07-16 17:59:41+08:00,2494
2026-07-16 18:59:13+08:00,2400
2026-07-16 19:59:45+08:00,2902
2026-07-16 20:59:48+08:00,3004
2026-07-16 21:59:20+08:00,2907
2026-07-16 22:59:53+08:00,3172
2026-07-16 23:59:25+08:00,2500
2026-07-17 00:59:58+08:00,2730
2026-07-17 02:00:00+08:00,2494
2026-07-17 02:59:33+08:00,2166
2026-07-17 03:59:35+08:00,2125
2026-07-17 04:59:38+08:00,2106
2026-07-17 05:59:10+08:00,1693
2026-07-17 06:59:13+08:00,2238
2026-07-17 07:59:46+08:00,2692
2026-07-17 08:59:18+08:00,1775
2026-07-17 09:59:51+08:00,2945
2026-07-17 10:59:53+08:00,3164
2026-07-17 11:59:26+08:00,2086
2026-07-17 12:59:28+08:00,1835
2026-07-17 13:59:31+08:00,1265
2026-07-17 14:59:34+08:00,1000
2026-07-17 15:59:06+08:00,2366
2026-07-17 16:59:09+08:00,2656
2026-07-17 17:59:41+08:00,1960
2026-07-17 18:59:44+08:00,1908
2026-07-17 19:59:46+08:00,2660
2026-07-17 20:59:49+08:00,3040
2026-07-17 21:54:51+08:00,24
2026-07-17 22:59:23+08:00,439
2026-07-17 23:55:26+08:00,455
2026-07-18 00:59:59+08:00,476
2026-07-18 01:58:31+08:00,470
2026-07-18 02:57:04+08:00,493
2026-07-18 03:59:36+08:00,190
2026-07-18 04:59:09+08:00,466
2026-07-18 05:59:12+08:00,104
2026-07-18 06:59:14+08:00,457
2026-07-18 07:59:47+08:00,427
2026-07-18 08:59:49+08:00,411
2026-07-18 09:58:52+08:00,421
2026-07-18 10:58:54+08:00,438
2026-07-18 11:59:57+08:00,407
2026-07-18 12:59:30+08:00,391
2026-07-18 13:58:32+08:00,409
2026-07-18 14:59:05+08:00,406
2026-07-18 15:59:37+08:00,400
2026-07-18 16:59:40+08:00,394
2026-07-18 17:58:43+08:00,352
2026-07-18 18:59:15+08:00,356
2026-07-18 19:59:48+08:00,415
2026-07-18 20:58:20+08:00,395
2026-07-18 21:58:53+08:00,403
2026-07-18 22:59:26+08:00,413
2026-07-18 23:56:28+08:00,467
2026-07-19 00:59:31+08:00,466
2026-07-19 01:59:03+08:00,503
2026-07-19 02:33:05+08:00,413
2026-07-19 03:42:38+08:00,112
2026-07-19 04:53:41+08:00,483
2026-07-19 05:59:44+08:00,500
2026-07-19 06:59:16+08:00,477
2026-07-19 07:59:49+08:00,471
2026-07-19 08:59:22+08:00,462
2026-07-19 09:59:24+08:00,418
2026-07-19 10:58:57+08:00,425
2026-07-19 11:59:29+08:00,405
2026-07-19 12:55:32+08:00,424
2026-07-19 13:52:04+08:00,427
2026-07-19 14:57:07+08:00,415
2026-07-19 15:59:40+08:00,421
2026-07-19 16:59:42+08:00,426
2026-07-19 17:59:15+08:00,376
2026-07-19 18:59:48+08:00,412
2026-07-19 19:58:50+08:00,398
2026-07-19 20:59:53+08:00,403
2026-07-19 21:58:55+08:00,410
2026-07-19 22:59:58+08:00,2518
2026-07-20 00:00:00+08:00,2143
2026-07-20 00:59:32+08:00,1967
2026-07-20 01:59:05+08:00,1340
2026-07-20 02:59:38+08:00,1500
2026-07-20 03:59:40+08:00,1518
2026-07-20 04:59:43+08:00,1632
2026-07-20 05:59:45+08:00,1084
2026-07-20 06:59:17+08:00,1298
2026-07-20 07:59:20+08:00,1530
2026-07-20 08:59:52+08:00,1802
2026-07-20 09:59:54+08:00,2611
2026-07-20 10:59:57+08:00,2901
2026-07-20 11:59:59+08:00,2487
2026-07-20 12:59:32+08:00,2525
2026-07-20 13:59:34+08:00,1995
2026-07-20 14:59:37+08:00,3230
2026-07-20 15:59:39+08:00,3123
2026-07-20 16:59:42+08:00,2394
2026-07-20 17:59:44+08:00,2010
2026-07-20 18:59:47+08:00,2426
2026-07-20 19:59:49+08:00,3207
2026-07-20 20:59:51+08:00,2676
2026-07-20 21:59:54+08:00,2512
2026-07-20 22:59:56+08:00,2675
2026-07-20 23:59:59+08:00,2377
2026-07-21 00:59:31+08:00,1945
2026-07-21 01:59:34+08:00,1894
2026-07-21 02:59:37+08:00,1566
2026-07-21 03:59:39+08:00,2077
2026-07-21 04:59:12+08:00,1574
2026-07-21 05:59:44+08:00,1734
2026-07-21 06:59:47+08:00,2087
2026-07-21 07:59:49+08:00,2001
2026-07-21 08:59:52+08:00,2519
2026-07-21 09:59:54+08:00,2642
2026-07-21 10:59:26+08:00,2795
2026-07-21 11:59:29+08:00,3000
2026-07-21 12:59:32+08:00,3106
2026-07-21 13:59:34+08:00,3000
2026-07-21 14:59:36+08:00,3343
2026-07-21 15:59:39+08:00,3262
2026-07-21 16:59:41+08:00,2918
2026-07-21 17:59:44+08:00,3000
2026-07-21 18:59:46+08:00,2510
2026-07-21 19:59:49+08:00,2722
2026-07-21 20:59:51+08:00,3540
2026-07-21 21:59:53+08:00,3045
2026-07-21 22:59:55+08:00,2895
2026-07-21 23:59:58+08:00,2468
2026-07-22 00:59:31+08:00,2041
2026-07-22 01:59:33+08:00,1935
2026-07-22 02:59:36+08:00,2197
2026-07-22 03:59:38+08:00,2160
2026-07-22 04:59:40+08:00,2468
2026-07-22 05:59:43+08:00,2547
2026-07-22 06:59:46+08:00,2457
2026-07-22 07:59:48+08:00,2840
2026-07-22 08:59:50+08:00,2425
2026-07-22 09:59:53+08:00,2821
2026-07-22 10:59:55+08:00,3605
2026-07-22 11:59:58+08:00,2844
2026-07-22 13:00:00+08:00,2718
2026-07-22 13:59:33+08:00,1672
2026-07-22 14:59:36+08:00,2820
2026-07-22 15:59:38+08:00,3000
2026-07-22 16:59:41+08:00,2819
2026-07-22 17:59:43+08:00,2467
2026-07-22 18:59:45+08:00,2543
2026-07-22 19:59:48+08:00,3179
2026-07-22 20:59:50+08:00,3304
2026-07-22 21:59:53+08:00,2957
2026-07-22 22:59:55+08:00,3109
2026-07-22 23:59:28+08:00,3215
2026-07-23 00:59:01+08:00,2444
2026-07-23 01:59:03+08:00,2442
2026-07-23 02:59:36+08:00,2492
2026-07-23 03:59:38+08:00,2449
2026-07-23 04:59:41+08:00,2480
2026-07-23 05:59:43+08:00,2547
2026-07-23 06:59:16+08:00,2653
2026-07-23 07:59:48+08:00,1935
2026-07-23 08:59:21+08:00,1934
2026-07-23 09:59:23+08:00,2978
2026-07-23 10:59:26+08:00,2986
2026-07-23 11:59:58+08:00,2500
2026-07-23 13:00:00+08:00,3147
2026-07-23 13:59:32+08:00,1670
2026-07-23 14:59:05+08:00,2285
2026-07-23 15:59:37+08:00,3129
2026-07-23 16:59:39+08:00,2330
2026-07-23 17:59:42+08:00,2649
2026-07-23 18:59:44+08:00,2183
2026-07-23 19:59:47+08:00,3060
2026-07-23 20:59:50+08:00,2788
2026-07-23 21:59:52+08:00,3173
2026-07-23 22:59:54+08:00,3012
2026-07-23 23:59:27+08:00,2349
2026-07-24 00:59:59+08:00,2512
2026-07-24 01:59:31+08:00,2570
2026-07-24 02:59:34+08:00,1557
2026-07-24 03:59:37+08:00,2139
2026-07-24 04:59:39+08:00,2263
2026-07-24 05:59:42+08:00,2252
2026-07-24 06:59:44+08:00,2068
2026-07-24 07:59:17+08:00,2551
2026-07-24 08:59:49+08:00,1982
2026-07-24 09:59:52+08:00,2566
2026-07-24 10:59:24+08:00,3191
2026-07-24 11:59:57+08:00,2148
2026-07-24 13:00:00+08:00,2463
2026-07-24 13:59:32+08:00,2031
2026-07-24 14:59:34+08:00,2000
2026-07-24 15:59:07+08:00,2363
2026-07-24 16:59:09+08:00,1761
2026-07-24 17:59:12+08:00,1500
2026-07-24 18:59:44+08:00,1692
2026-07-24 19:59:47+08:00,2788
2026-07-24 20:59:49+08:00,2909
2026-07-24 21:59:52+08:00,2672
2026-07-24 22:58:55+08:00,2281
